model_key,base_model,tulu_model,tulu_model_weight,domain_model,domain_model_weight,merge_method,bbh_cot,bbh_direct,codex_eval_temp_0.1,codex_eval_temp_0.8,gsm_cot,gsm_direct,mmlu_0shot,mmlu_5shot,toxigen,truthfulqa,tydiqa_goldp_1shot,tydiqa_no_context_1shot,alpaca_eval,codex_eval_plus_temp_0.1,codex_eval_plus_temp_0.8,mbpp_temp_0.1,mbpp_temp_0.8,harmbench,safe_average,unsafe_average,bioasq_f1,biored_f1,discomat_bleu,evidence_inference_f1_exact,evidence_inference_f1_overlap,evidence_inference_f1_substring,multicite_f1,mup_lm_judge_comparison_win,mup_lm_judge_comparison_win_tie,mup_lm_judge_reference,mup_rouge,qasper_f1_answer,qasper_f1_evidence,qasper_lm_judge_answer,scierc_f1,scifact_f1_evidence_sent,scifact_f1_evidence_token,scifact_f1_label,mean_null,median_null
linear_weighted-llama_2_7b-tulu_all_no_science_no_safety_no_coding_0.9-llama_2_7b-tulu_none-coding_100_0.1,llama_2_7b,tulu_all_no_science_no_safety_no_coding,0.9,coding_100,0.1,linear_weighted,0.437962962962963,0.39537037037037026,0.19817073170731708,0.36304943263336376,0.305,0.065,0.4933057968950292,0.5089018658310782,0.6298571428571429,0.423500611995104,54.861376481696155,12.060436126330444,64.38356164383562,0.13353658536585364,0.2975203551262601,0.2841726618705036,0.47211190540087794,,,,,,,,,,,,,,,,,,,,,,,
linear_weighted-llama_2_7b-tulu_all_no_science_no_safety_no_coding_0.5-llama_2_7b-tulu_none-coding_100_0.5,llama_2_7b,tulu_all_no_science_no_safety_no_coding,0.5,coding_100,0.5,linear_weighted,0.45648148148148154,0.387037037037037,0.29878048780487804,0.5246984288836588,0.22,0.05,0.49658168352086596,0.5120353226036177,0.7484285714285714,0.4675642594859241,52.28936047176464,13.697978760072113,63.99253731343284,0.21707317073170732,0.44528238034713163,0.3485611510791367,0.5333966432258078,,,,,,,,,,,,,,,,,,,,,,,
linear_weighted-llama_2_7b-tulu_all_no_science_no_safety_no_coding_0.3-llama_2_7b-tulu_none-coding_100_0.7,llama_2_7b,tulu_all_no_science_no_safety_no_coding,0.3,coding_100,0.7,linear_weighted,0.4324074074074074,0.39351851851851843,0.3204268292682927,0.6123081121098941,0.25,0.055,0.48504486540378866,0.5024213075060533,0.7842857142857143,0.4602203182374541,44.982240837000795,12.78856608503004,61.38059701492538,0.2670731707317073,0.48924029134800856,0.37823741007194245,0.5531924002896451,,,,,,,,,,,,,,,,,,,,,,,
linear_weighted-llama_2_7b-tulu_all_no_science_no_safety_no_coding_0.8-llama_2_7b-tulu_none-coding_100_0.2,llama_2_7b,tulu_all_no_science_no_safety_no_coding,0.8,coding_100,0.2,linear_weighted,0.4435185185185186,0.3888888888888889,0.2277439024390244,0.3937929472173979,0.3,0.045,0.49708018800740633,0.5126050420168067,0.6485714285714286,0.4369645042839657,54.96683195834831,12.921090112465967,64.13449564134496,0.1472560975609756,0.33737631676637186,0.3023381294964029,0.4921970194093053,,,,,,,,,,,,,,,,,,,,,,,
linear_weighted-llama_2_7b-tulu_all_no_science_no_safety_no_coding_0.2-llama_2_7b-tulu_none-coding_100_0.8,llama_2_7b,tulu_all_no_science_no_safety_no_coding,0.2,coding_100,0.8,linear_weighted,0.4342592592592592,0.38703703703703707,0.34359756097560973,0.6291947876936173,0.225,0.035,0.4782082324455206,0.4886056117362199,0.7714285714285715,0.44920440636474906,39.99485320722077,12.094003100820556,58.59277708592777,0.26646341463414636,0.5202932780426551,0.3902877697841727,0.5596891276084763,,,,,,,,,,,,,,,,,,,,,,,
linear_weighted-llama_2_7b-tulu_all_no_science_no_safety_no_coding_0.1-llama_2_7b-tulu_none-coding_100_0.9,llama_2_7b,tulu_all_no_science_no_safety_no_coding,0.1,coding_100,0.9,linear_weighted,0.4064814814814814,0.3638888888888888,0.3548780487804878,0.6675927287618371,0.22,0.035,0.45014955134596213,0.45883777239709445,0.7684285714285715,0.42717258261933905,35.53929691009088,11.234860668535383,55.53482587064676,0.2792682926829268,0.5309945708222157,0.38776978417266184,0.5668951513105911,,,,,,,,,,,,,,,,,,,,,,,
linear_weighted-llama_2_7b-tulu_all_no_science_no_safety_no_coding_0.6-llama_2_7b-tulu_none-coding_100_0.4,llama_2_7b,tulu_all_no_science_no_safety_no_coding,0.6,coding_100,0.4,linear_weighted,0.4472222222222222,0.3824074074074075,0.263109756097561,0.5136098091668959,0.245,0.045,0.4966528984475146,0.5143142002563738,0.7125714285714285,0.4724602203182375,54.21048735289057,13.438718496783533,65.46134663341647,0.17408536585365855,0.40913632165614344,0.3357913669064748,0.5221537766863735,,,,,,,,,,,,,,,,,,,,,,,
linear_weighted-llama_2_7b-tulu_all_no_science_no_safety_no_coding_0.4-llama_2_7b-tulu_none-coding_100_0.6,llama_2_7b,tulu_all_no_science_no_safety_no_coding,0.4,coding_100,0.6,linear_weighted,0.4361111111111111,0.399074074074074,0.3045731707317073,0.5823282612954515,0.245,0.055,0.4910269192422732,0.5099700897308076,0.7738571428571429,0.47613219094247244,48.644692410425876,13.257835054788057,63.24626865671642,0.24451219512195121,0.4845360314381684,0.36079136690647484,0.5410394280864468,,,,,,,,,,,,,,,,,,,,,,,
task_arithmetic-llama_2_7b-tulu_all_no_science_no_safety_no_coding_1.0-llama_2_7b-tulu_none-coding_100_0.1,llama_2_7b,tulu_all_no_science_no_safety_no_coding,1.0,coding_100,0.1,task_arithmetic,0.4342592592592593,0.40092592592592596,0.2045731707317073,0.34098783682526035,0.295,0.05,0.49230878792194843,0.5036319612590799,0.6157142857142858,0.42472460220318237,53.45569111263432,10.912726482510944,65.5860349127182,0.12591463414634146,0.29778933216598397,0.2776978417266187,0.4594213001289198,,,,,,,,,,,,,,,,,,,,,,,
task_arithmetic-llama_2_7b-tulu_all_no_science_no_safety_no_coding_1.0-llama_2_7b-tulu_none-coding_100_0.3,llama_2_7b,tulu_all_no_science_no_safety_no_coding,1.0,coding_100,0.3,task_arithmetic,0.4351851851851851,0.3898148148148148,0.27012195121951216,0.4410080216544009,0.285,0.04,0.49344822674832645,0.5027061672126478,0.6191428571428571,0.4467564259485924,53.59443168751103,10.455310861734441,69.30261519302616,0.16676829268292684,0.32721235100322166,0.2823741007194245,0.4878652707962015,,,,,,,,,,,,,,,,,,,,,,,
task_arithmetic-llama_2_7b-tulu_all_no_science_no_safety_no_coding_1.0-llama_2_7b-tulu_none-coding_100_0.5,llama_2_7b,tulu_all_no_science_no_safety_no_coding,1.0,coding_100,0.5,task_arithmetic,0.437962962962963,0.38888888888888895,0.2960365853658537,0.5048822798058243,0.31,0.04,0.4935194416749751,0.5042728955989175,0.5941428571428572,0.4785801713586291,52.4504827389596,10.202553961738936,71.5442092154421,0.20884146341463414,0.37381933931054223,0.30413669064748206,0.5008021662948496,,,,,,,,,,,,,,,,,,,,,,,
task_arithmetic-llama_2_7b-tulu_all_no_science_no_safety_no_coding_1.0-llama_2_7b-tulu_none-coding_100_0.2,llama_2_7b,tulu_all_no_science_no_safety_no_coding,1.0,coding_100,0.2,task_arithmetic,0.4342592592592593,0.3814814814814814,0.23384146341463416,0.39243370557555407,0.28,0.045,0.4950149551345962,0.5044153254522148,0.6235714285714286,0.4602203182374541,53.962351076282275,11.073828842347023,66.04477611940298,0.1451219512195122,0.3074279841203877,0.28561151079136693,0.4873564527104853,,,,,,,,,,,,,,,,,,,,,,,
linear_weighted-llama_2_7b-tulu_all_no_science_no_safety_no_coding_0.7-llama_2_7b-tulu_none-coding_100_0.3,llama_2_7b,tulu_all_no_science_no_safety_no_coding,0.7,coding_100,0.3,linear_weighted,0.4361111111111111,0.3861111111111111,0.2384146341463415,0.4411895399020673,0.265,0.045,0.49772112234724397,0.5147414898162654,0.678,0.4504283965728274,54.999307955572206,13.373498763358285,65.44209215442092,0.1524390243902439,0.3533012426673229,0.3023381294964029,0.5177929015768961,,,,,,,,,,,,,,,,,,,,,,,
task_arithmetic-llama_2_7b-tulu_all_no_science_no_safety_no_coding_1.0-llama_2_7b-tulu_none-coding_100_0.6,llama_2_7b,tulu_all_no_science_no_safety_no_coding,1.0,coding_100,0.6,task_arithmetic,0.43333333333333335,0.38425925925925924,0.3076219512195122,0.5366376431089864,0.3,0.025,0.4922375729952998,0.5024925224327019,0.5562857142857143,0.4773561811505508,50.95550343406691,10.123491857576788,71.41967621419676,0.2167682926829268,0.3951056211778857,0.3127697841726618,0.5015075687615055,,,,,,,,,,,,,,,,,,,,,,,
task_arithmetic-llama_2_7b-tulu_all_no_science_no_safety_no_coding_1.0-llama_2_7b-tulu_none-coding_100_0.4,llama_2_7b,tulu_all_no_science_no_safety_no_coding,1.0,coding_100,0.4,task_arithmetic,0.4296296296296297,0.39444444444444443,0.2942073170731707,0.5030813877657493,0.29,0.04,0.49259364762854296,0.5054835493519442,0.6034285714285714,0.47123623011015914,52.90542698184951,10.30124116005852,70.1863354037267,0.2003048780487805,0.35573936276666024,0.29028776978417264,0.49085517573946646,,,,,,,,,,,,,,,,,,,,,,,
task_arithmetic-llama_2_7b-tulu_all_no_science_no_safety_no_coding_1.0-llama_2_7b-tulu_none-coding_100_0.8,llama_2_7b,tulu_all_no_science_no_safety_no_coding,1.0,coding_100,0.8,task_arithmetic,0.41481481481481475,0.3814814814814814,0.3439024390243902,0.5908265826146971,0.31,0.03,0.4910981341689218,0.5015667283862698,0.4928571428571429,0.48959608323133413,47.96573140596877,9.83543144649591,71.76616915422885,0.2478658536585366,0.4544003719605924,0.33057553956834534,0.5201209575109835,,,,,,,,,,,,,,,,,,,,,,,
task_arithmetic-llama_2_7b-tulu_all_no_science_no_safety_no_coding_1.0-llama_2_7b-tulu_none-coding_100_0.7,llama_2_7b,tulu_all_no_science_no_safety_no_coding,1.0,coding_100,0.7,task_arithmetic,0.43796296296296294,0.3861111111111111,0.3283536585365853,0.5484135899213676,0.29,0.03,0.49252243270189433,0.5039168209656744,0.5222857142857142,0.4724602203182375,49.409613286487264,9.968039684637251,72.16687422166873,0.23658536585365855,0.4343712854765864,0.32787769784172666,0.5239842290146319,,,,,,,,,,,,,,,,,,,,,,,
task_arithmetic-llama_2_7b-tulu_all_no_science_no_safety_no_coding_1.0-llama_2_7b-tulu_none-coding_100_0.9,llama_2_7b,tulu_all_no_science_no_safety_no_coding,1.0,coding_100,0.9,task_arithmetic,0.39999999999999997,0.3722222222222222,0.36402439024390243,0.6471338730739924,0.285,0.03,0.4863267340834639,0.5016379433129183,0.4561428571428571,0.4847001223990208,46.91158917503205,9.10979086263631,72.35367372353674,0.26189024390243903,0.4706278062721089,0.3199640287769784,0.5109210148605876,,,,,,,,,,,,,,,,,,,,,,,
llama_2_7b-tulu_none-coding_100,llama_2_7b,tulu_none,1.0,coding_100,1.0,N/A,0.39537037037037037,0.3398148148148149,0.386280487804878,0.7012960798923193,0.155,0.03,0.41404358353510895,0.40962825808289416,0.7558571428571429,0.41615667074663404,29.186330826686294,9.78713071621263,50.93399750933998,0.29878048780487804,0.5528028331632122,0.3834532374100719,0.5718628933264656,,,,,,,,,,,,,,,,,,,,,,,
llama_2_7b-tulu_all_no_science_no_safety_no_coding,llama_2_7b,tulu_all_no_science_no_safety_no_coding,1.0,None,1.0,N/A,0.39722222222222225,0.3953703703703703,0.1804878048780488,0.32524984171608806,0.295,0.06,0.4928072924084888,0.5054123344252955,0.6125714285714285,0.4283965728274174,52.845032081645044,10.906562116505349,64.53416149068323,0.1079268292682927,0.2557217521963048,0.26582733812949644,0.4291632315832151,50.25,97.59999609600015,24.499999020000036,0.44108,0.17161,0.37378,0.00146,0.14327,0.0307,0.43204,0.7363,0.09306,0.13717,0.18685,0.32944,0.09629,0.24647,0.33248,0.55396,0.26142,0.18685,,
tulu_2_7b_no_science_no_safety_no_coding-tulu_none-coding_100,tulu_2_7b_no_science_no_safety_no_coding,tulu_none,1.0,coding_100,1.0,N/A,0.42592592592592593,0.37129629629629624,0.3945121951219511,0.7007173007088056,0.285,0.045,0.49238000284859706,0.5107534539239424,0.7294285714285714,0.40636474908200737,49.27187469112192,10.674880111615835,57.634543178973715,0.3103658536585366,0.5539710516018754,0.3881294964028777,0.5666214284412605,,,,,,,,,,,,,,,,,,,,,,,
finetune-tulu_2_7b_no_science_no_safety_no_coding-tulu_match-coding_100,finetune,tulu_2_7b_no_science_no_safety_no_coding,1.0,tulu_match,1.0,N/A,0.425925925925926,0.3879629629629629,0.38140243902439025,0.6383211951531064,0.3,0.04,0.4683093576413616,0.48625551915681525,0.5607142857142857,0.43084455324357407,49.59656526520715,10.677586747474797,69.36488169364881,0.3045731707317073,0.5162156851303947,0.38794964028776974,0.5585752143484286,,,,,,,,,,,,,,,,,,,,,,,
linear_weighted-llama_2_7b-tulu_all_no_science_no_safety_no_coding_0.5-llama_2_7b-tulu_none-safety_100_0.5,llama_2_7b,tulu_all_no_science_no_safety_no_coding,0.5,safety_100,0.5,linear_weighted,0.4277777777777778,0.39629629629629626,0.161890243902439,0.2906579092583019,0.2,0.065,0.4882495371029768,0.5029198119925936,0.0,0.5850673194614443,51.68944258045283,12.635292715935847,22.139303482587064,0.0,0.0,0.0,0.0,2.25,49.599998016000086,0.0,,,,,,,,,,,,,,,,,,,,
linear_weighted-llama_2_7b-tulu_all_no_science_no_safety_no_coding_0.6-llama_2_7b-tulu_none-safety_100_0.4,llama_2_7b,tulu_all_no_science_no_safety_no_coding,0.6,safety_100,0.4,linear_weighted,0.437037037037037,0.4046296296296297,0.16432926829268293,0.29205048425108077,0.26,0.06,0.48903290129611166,0.5081185016379434,0.0,0.583843329253366,54.06113907591802,12.655312469335145,34.05977584059776,0.0,0.0,0.0,0.0,7.25,67.9999972800001,0.4999999800000008,,,,,,,,,,,,,,,,,,,,
linear_weighted-llama_2_7b-tulu_all_no_science_no_safety_no_coding_0.9-llama_2_7b-tulu_none-safety_100_0.1,llama_2_7b,tulu_all_no_science_no_safety_no_coding,0.9,safety_100,0.1,linear_weighted,0.425925925925926,0.40370370370370373,0.17743902439024392,0.30585207569746575,0.3,0.065,0.49259364762854296,0.5100413046574562,0.41114285714285714,0.4675642594859241,54.6346954632419,11.991003593200446,60.08717310087172,0.0,0.0,0.0,0.0,39.0,96.79999612800016,20.999999160000034,,,,,,,,,,,,,,,,,,,,
linear_weighted-llama_2_7b-tulu_all_no_science_no_safety_no_coding_0.4-llama_2_7b-tulu_none-safety_100_0.6,llama_2_7b,tulu_all_no_science_no_safety_no_coding,0.4,safety_100,0.6,linear_weighted,0.42592592592592593,0.3888888888888889,0.15945121951219512,0.28152100674376596,0.195,0.055,0.480985614584817,0.49786355220054124,0.0,0.5899632802937577,50.27384919268664,12.051342292091036,16.355721393034823,0.0,0.0,0.0,0.0,0.25,37.999998480000066,0.9999999600000016,,,,,,,,,,,,,,,,,,,,
linear_weighted-llama_2_7b-tulu_all_no_science_no_safety_no_coding_0.7-llama_2_7b-tulu_none-safety_100_0.3,llama_2_7b,tulu_all_no_science_no_safety_no_coding,0.7,safety_100,0.3,linear_weighted,0.4361111111111111,0.39537037037037037,0.16615853658536586,0.32705740042635006,0.31,0.07,0.4933770118216778,0.5118216778236718,0.00042857142857142855,0.5618115055079559,54.673047787435834,12.625708946823455,45.52795031055901,0.0,0.0,0.0,0.0,20.0,83.59999665600013,5.9999997600000095,,,,,,,,,,,,,,,,,,,,
linear_weighted-llama_2_7b-tulu_all_no_science_no_safety_no_coding_0.3-llama_2_7b-tulu_none-safety_100_0.7,llama_2_7b,tulu_all_no_science_no_safety_no_coding,0.3,safety_100,0.7,linear_weighted,0.4185185185185186,0.3777777777777777,0.15365853658536588,0.25682653825823804,0.17,0.07,0.47080188007406354,0.48817832217632817,0.0,0.5446756425948592,47.375486089511504,11.799237930608838,9.813664596273291,0.0,0.0,0.0,0.0,0.25,25.19999899200004,0.4999999800000008,,,,,,,,,,,,,,,,,,,,
linear_weighted-llama_2_7b-tulu_all_no_science_no_safety_no_coding_0.1-llama_2_7b-tulu_none-safety_100_0.9,llama_2_7b,tulu_all_no_science_no_safety_no_coding,0.1,safety_100,0.9,linear_weighted,0.36481481481481487,0.32870370370370366,0.13475609756097562,0.23978481308769006,0.12,0.055,0.4287138584247258,0.4426007691212078,0.0,0.386780905752754,35.42256034464052,8.85080112299737,4.22360248447205,0.0,0.0,0.0,0.0,0.0,12.399999504000018,0.0,,,,,,,,,,,,,,,,,,,,
linear_weighted-llama_2_7b-tulu_all_no_science_no_safety_no_coding_0.8-llama_2_7b-tulu_none-safety_100_0.2,llama_2_7b,tulu_all_no_science_no_safety_no_coding,0.8,safety_100,0.2,linear_weighted,0.437037037037037,0.39351851851851855,0.16920731707317074,0.31067600563749476,0.33,0.065,0.4922375729952998,0.5121065375302664,0.074,0.5116279069767442,54.56856369162254,12.345281336489531,56.53798256537983,0.0,0.0,0.0,0.0,28.25,91.59999633600015,11.999999520000019,,,,,,,,,,,,,,,,,,,,
linear_weighted-llama_2_7b-tulu_all_no_science_no_safety_no_coding_0.2-llama_2_7b-tulu_none-safety_100_0.8,llama_2_7b,tulu_all_no_science_no_safety_no_coding,0.2,safety_100,0.8,linear_weighted,0.4055555555555555,0.35,0.1496951219512195,0.25692855151342653,0.145,0.06,0.4599059962968238,0.47058823529411764,0.0,0.4883720930232558,42.5362210125705,10.532643628905289,6.39751552795031,0.0,0.0,0.0,0.0,0.0,19.999999200000033,0.0,,,,,,,,,,,,,,,,,,,,
task_arithmetic-llama_2_7b-tulu_all_no_science_no_safety_no_coding_1.0-llama_2_7b-tulu_none-safety_100_0.2,llama_2_7b,tulu_all_no_science_no_safety_no_coding,1.0,safety_100,0.2,task_arithmetic,0.42962962962962964,0.39166666666666666,0.19207317073170732,0.2922436196665978,0.32,0.05,0.4910269192422732,0.5046289702321607,0.18285714285714286,0.4908200734394125,53.28893782168181,10.550945785091109,60.06211180124224,0.0,0.0,0.0,0.0,35.25,94.79999620800015,13.999999440000021,,,,,,,,,,,,,,,,,,,,
task_arithmetic-llama_2_7b-tulu_all_no_science_no_safety_no_coding_1.0-llama_2_7b-tulu_none-safety_100_0.3,llama_2_7b,tulu_all_no_science_no_safety_no_coding,1.0,safety_100,0.3,task_arithmetic,0.4092592592592592,0.3842592592592592,0.18536585365853658,0.2889632548980884,0.335,0.055,0.4871813132032474,0.5023500925794047,0.018285714285714287,0.5140758873929009,53.37993767075267,10.251995949038921,57.40049751243781,0.0,0.0,0.0,0.0,24.25,89.19999643200013,8.499999660000013,,,,,,,,,,,,,,,,,,,,
task_arithmetic-llama_2_7b-tulu_all_no_science_no_safety_no_coding_1.0-llama_2_7b-tulu_none-safety_100_0.1,llama_2_7b,tulu_all_no_science_no_safety_no_coding,1.0,safety_100,0.1,task_arithmetic,0.41111111111111115,0.4046296296296297,0.1896341463414634,0.2895059944586109,0.305,0.07,0.4907420595356787,0.5027773821392963,0.487,0.4504283965728274,53.4530051641328,10.858144595609708,62.624378109452735,0.0,0.0,0.0,0.0,42.5,96.79999612800017,18.99999924000003,,,,,,,,,,,,,,,,,,,,
task_arithmetic-llama_2_7b-tulu_all_no_science_no_safety_no_coding_1.0-llama_2_7b-tulu_none-safety_100_0.7,llama_2_7b,tulu_all_no_science_no_safety_no_coding,1.0,safety_100,0.7,task_arithmetic,0.4203703703703703,0.3907407407407408,0.15091463414634146,0.27512209247371217,0.315,0.065,0.47984617575843896,0.49935906566016236,0.0,0.594859241126071,50.41161897466559,9.253403297934655,31.180124223602483,0.0,0.0,0.0,0.0,3.25,53.599997856000094,5.9999997600000095,,,,,,,,,,,,,,,,,,,,
task_arithmetic-llama_2_7b-tulu_all_no_science_no_safety_no_coding_1.0-llama_2_7b-tulu_none-safety_100_0.6,llama_2_7b,tulu_all_no_science_no_safety_no_coding,1.0,safety_100,0.6,task_arithmetic,0.4037037037037038,0.375,0.15335365853658536,0.28923698441556933,0.325,0.065,0.4816265489246546,0.49786355220054124,0.0,0.5899632802937577,51.11908886274396,9.658509236392009,39.365671641791046,0.0,0.0,0.0,0.0,6.25,63.59999745600009,5.499999780000008,,,,,,,,,,,,,,,,,,,,
task_arithmetic-llama_2_7b-tulu_all_no_science_no_safety_no_coding_1.0-llama_2_7b-tulu_none-safety_100_0.5,llama_2_7b,tulu_all_no_science_no_safety_no_coding,1.0,safety_100,0.5,task_arithmetic,0.4074074074074074,0.37962962962962954,0.16280487804878047,0.310798744976235,0.36,0.06,0.48347813701751885,0.5013530836063239,0.0,0.565483476132191,51.95630625329225,9.596097144139463,45.27950310559007,0.0,0.0,0.0,0.0,11.5,73.5999970560001,6.49999974000001,,,,,,,,,,,,,,,,,,,,
task_arithmetic-llama_2_7b-tulu_all_no_science_no_safety_no_coding_1.0-llama_2_7b-tulu_none-safety_100_0.4,llama_2_7b,tulu_all_no_science_no_safety_no_coding,1.0,safety_100,0.4,task_arithmetic,0.4055555555555556,0.39537037037037037,0.18048780487804877,0.2911537841076087,0.345,0.06,0.488391966956274,0.501139438826378,0.0008571428571428571,0.5483476132190942,52.55974421450125,9.930928223625939,53.420398009950254,0.0,0.0,0.0,0.0,18.5,82.39999670400012,6.4999997400000105,,,,,,,,,,,,,,,,,,,,
task_arithmetic-llama_2_7b-tulu_all_no_science_no_safety_no_coding_1.0-llama_2_7b-tulu_none-safety_100_0.8,llama_2_7b,tulu_all_no_science_no_safety_no_coding,1.0,safety_100,0.8,task_arithmetic,0.4055555555555556,0.387037037037037,0.14115853658536584,0.2624212276811763,0.295,0.065,0.47728243839908846,0.49515738498789347,0.0,0.6009791921664627,49.40297986721659,8.871445108370732,26.027397260273972,0.0,0.0,0.0,0.0,1.5,41.99999832000007,3.9999998400000063,,,,,,,,,,,,,,,,,,,,
task_arithmetic-llama_2_7b-tulu_all_no_science_no_safety_no_coding_1.0-llama_2_7b-tulu_none-science_2500_0.1,llama_2_7b,tulu_all_no_science_no_safety_no_coding,1.0,science_2500,0.1,task_arithmetic,0.42407407407407405,0.3981481481481481,0.1905487804878049,0.3127380859343028,0.295,0.06,0.49266486255519154,0.5047001851588093,0.6535714285714286,0.43084455324357407,53.47332250970813,10.943542621958342,61.97007481296758,0.0,0.0,0.0,0.0,,,,0.36872,0.27429,0.40857,0.00443,0.12694,0.04133,0.43649,0.10638,0.80851,0.72333,0.08573,0.13374,0.18249,0.3271,0.15537,0.26667,0.35904,0.56827,0.27339,0.26667
task_arithmetic-llama_2_7b-tulu_all_no_science_no_safety_no_coding_1.0-llama_2_7b-tulu_none-safety_100_0.9,llama_2_7b,tulu_all_no_science_no_safety_no_coding,1.0,safety_100,0.9,task_arithmetic,0.3990740740740741,0.3870370370370371,0.15182926829268295,0.27570153172358114,0.275,0.07,0.4774248682523857,0.4910269192422732,0.0,0.6009791921664627,48.8256953253203,8.154578572897973,21.330845771144276,0.0,0.0,0.0,0.0,0.5,36.399998544000056,4.499999820000007,,,,,,,,,,,,,,,,,,,,
task_arithmetic-llama_2_7b-tulu_all_no_science_no_safety_no_coding_1.0-llama_2_7b-tulu_none-science_2500_0.3,llama_2_7b,tulu_all_no_science_no_safety_no_coding,1.0,science_2500,0.3,task_arithmetic,0.4092592592592594,0.387037037037037,0.17378048780487804,0.2997994982439595,0.29,0.045,0.4866115937900584,0.5014242985329725,0.714,0.4357405140758874,54.500497239706846,10.777919519353848,55.541718555417184,0.0,0.0,0.0,0.0,,,,0.42451,0.48836,0.10605,0.00296,0.12287,0.04589,0.49944,0.02,0.66,0.78676,0.03384,0.14551,0.22028,0.33178,0.23374,0.28889,0.37261,0.61538,0.28899,0.23374
task_arithmetic-llama_2_7b-tulu_all_no_science_no_safety_no_coding_1.0-llama_2_7b-tulu_none-science_2500_0.4,llama_2_7b,tulu_all_no_science_no_safety_no_coding,1.0,science_2500,0.4,task_arithmetic,0.40462962962962973,0.3962962962962963,0.16646341463414638,0.2589713248693465,0.325,0.045,0.482694772824384,0.4983620566870816,0.7364285714285714,0.43084455324357407,55.031347600896794,10.81646608804482,50.24937655860349,0.0,0.0,0.0,0.0,,,,0.42661,0.54981,0.16711,0.00321,0.1251,0.05293,0.51439,0.02,0.68,0.76587,0.03473,0.14593,0.2181,0.34112,0.25576,0.32164,0.39469,0.65289,0.31019,0.25576
task_arithmetic-llama_2_7b-tulu_all_no_science_no_safety_no_coding_1.0-llama_2_7b-tulu_none-science_2500_0.7,llama_2_7b,tulu_all_no_science_no_safety_no_coding,1.0,science_2500,0.7,task_arithmetic,0.4009259259259259,0.37499999999999994,0.12560975609756098,0.17529068662214475,0.27,0.04,0.47030337558752316,0.49010112519584104,0.8351428571428572,0.4394124847001224,54.83782145904325,9.922553438876527,40.78455790784558,0.0,0.0,0.0,0.0,,,,0.33419,0.61777,0.30919,0.00531,0.02122,0.01326,0.50655,0.16,0.68,0.75641,0.0981,0.16682,0.32183,0.41121,0.24,0.32177,0.3807,0.70046,0.33072,0.32177
task_arithmetic-llama_2_7b-tulu_all_no_science_no_safety_no_coding_1.0-llama_2_7b-tulu_none-science_2500_0.8,llama_2_7b,tulu_all_no_science_no_safety_no_coding,1.0,science_2500,0.8,task_arithmetic,0.4055555555555555,0.38148148148148153,0.12073170731707318,0.1714304865639533,0.255,0.04,0.46446375160233583,0.48511608033043724,0.8382857142857143,0.4430844553243574,53.79870087697257,10.079850068988161,36.38059701492538,0.0,0.0,0.0,0.0,,,,0.32172,0.62389,0.33224,0.00268,0.03213,0.01339,0.37368,0.30435,0.63043,0.73333,0.1189,0.17706,0.32331,0.42991,0.23104,0.33663,0.39186,0.74396,0.3286,0.32331
task_arithmetic-llama_2_7b-tulu_all_no_science_no_safety_no_coding_1.0-llama_2_7b-tulu_none-science_2500_0.5,llama_2_7b,tulu_all_no_science_no_safety_no_coding,1.0,science_2500,0.5,task_arithmetic,0.42500000000000004,0.4,0.15335365853658536,0.24979006589574437,0.3,0.045,0.4795613160518445,0.4955846745477852,0.7765714285714286,0.4430844553243574,55.09753881582262,10.453883419063722,48.69565217391305,0.0,0.0,0.0,0.0,,,,0.38799,0.57975,0.12689,0.00434,0.0846,0.03037,0.52346,0.04167,0.70833,0.76119,0.0502,0.15943,0.25476,0.41355,0.22857,0.31138,0.38352,0.68142,0.30804,0.25476
task_arithmetic-llama_2_7b-tulu_all_no_science_no_safety_no_coding_1.0-llama_2_7b-tulu_none-science_2500_0.6,llama_2_7b,tulu_all_no_science_no_safety_no_coding,1.0,science_2500,0.6,task_arithmetic,0.40277777777777773,0.37037037037037024,0.1320121951219512,0.22046041344444273,0.285,0.04,0.47614299957271045,0.49366187152827234,0.8221428571428572,0.4320685434516524,54.90654077935702,9.945232135388288,43.83561643835616,0.0,0.0,0.0,0.0,,,,0.39912,0.61405,0.27027,0.00515,0.03604,0.01287,0.5229,0.08,0.68,0.75329,0.07734,0.1843,0.3096,0.44159,0.25,0.34056,0.39564,0.70588,0.33728,0.3096
task_arithmetic-llama_2_7b-tulu_all_no_science_no_safety_no_coding_1.0-llama_2_7b-tulu_none-science_2500_0.2,llama_2_7b,tulu_all_no_science_no_safety_no_coding,1.0,science_2500,0.2,task_arithmetic,0.4324074074074074,0.40648148148148155,0.17865853658536585,0.2789775730574643,0.29,0.045,0.48953140578265203,0.502278877652756,0.695,0.42472460220318237,53.87543880110153,11.231551565038867,58.01242236024845,0.0,0.0,0.0,0.0,,,,0.4202,0.38538,0.23607,0.0044,0.1349,0.04692,0.4632,0.04082,0.71429,0.77083,0.064,0.13007,0.1796,0.31308,0.20245,0.3018,0.38317,0.58333,0.28191,0.23607
task_arithmetic-llama_2_7b-tulu_all_no_science_no_safety_no_coding_1.0-llama_2_7b-tulu_none-science_2500_0.9,llama_2_7b,tulu_all_no_science_no_safety_no_coding,1.0,science_2500,0.9,task_arithmetic,0.3777777777777778,0.3740740740740741,0.12408536585365855,0.16290605962036153,0.23,0.045,0.4584816977638513,0.48091439965816835,0.838,0.4418604651162791,53.04413920990163,9.164955806791417,33.872976338729764,0.0,0.0,0.0,0.0,,,,0.27298,0.64102,0.35312,0.00531,0.03453,0.02922,0.2256,0.38776,0.63265,0.75862,0.13274,0.18159,0.2667,0.45327,0.24518,0.31894,0.36428,0.73529,0.30979,0.2667
linear_weighted-llama_2_7b-tulu_all_no_science_no_safety_no_coding_0.7-llama_2_7b-tulu_none-science_2500_0.3,llama_2_7b,tulu_all_no_science_no_safety_no_coding,0.7,science_2500,0.3,linear_weighted,0.4314814814814814,0.38796296296296295,0.13841463414634145,0.2727598470018994,0.245,0.05,0.49124056402221905,0.5060532687651331,0.8744285714285714,0.4112607099143207,57.967050961007516,14.476348550046898,49.50124688279301,0.0,0.0,0.0,0.0,,,,0.45312,0.53931,0.26078,0.00442,0.13854,0.0678,0.51156,0.04,0.66,0.75,0.07906,0.15864,0.25184,0.38084,0.25758,0.3,0.38626,0.6087,0.32356,0.26078
linear_weighted-llama_2_7b-tulu_all_no_science_no_safety_no_coding_0.4-llama_2_7b-tulu_none-science_2500_0.6,llama_2_7b,tulu_all_no_science_no_safety_no_coding,0.4,science_2500,0.6,linear_weighted,0.41851851851851857,0.37870370370370376,0.10609756097560975,0.19758799212567243,0.145,0.045,0.4412476855148839,0.47208374875373876,0.8288571428571428,0.37576499388004897,57.60362917314621,14.989259917450859,17.875,0.0,0.0,0.0,0.0,,,,0.39337,0.66624,0.24148,0.00206,0.09485,0.0433,0.50019,0.46,0.68,0.71774,0.13882,0.17521,0.31876,0.43224,0.28896,0.31438,0.37286,0.70352,0.34871,0.31438
linear_weighted-llama_2_7b-tulu_all_no_science_no_safety_no_coding_0.8-llama_2_7b-tulu_none-science_2500_0.2,llama_2_7b,tulu_all_no_science_no_safety_no_coding,0.8,science_2500,0.2,linear_weighted,0.4481481481481482,0.387962962962963,0.1628048780487805,0.2897662916257646,0.285,0.055,0.4945164506480558,0.5076199971514029,0.788,0.42472460220318237,56.63023053295378,13.756723821594981,55.168119551681194,0.0,0.0,0.0,0.0,,,,0.41905,0.41246,0.29807,0.0045,0.13493,0.06447,0.47626,0.04,0.7,0.77027,0.08469,0.12812,0.1931,0.28972,0.2022,0.27753,0.36443,0.59623,0.29297,0.27753
linear_weighted-llama_2_7b-tulu_all_no_science_no_safety_no_coding_0.2-llama_2_7b-tulu_none-science_2500_0.8,llama_2_7b,tulu_all_no_science_no_safety_no_coding,0.2,science_2500,0.8,linear_weighted,0.3583333333333333,0.3518518518518519,0.0975609756097561,0.15785222856883357,0.145,0.045,0.3453923942458339,0.38085742771684944,0.8388571428571429,0.28886168910648713,56.26433863706329,12.799861453109019,5.922693266832918,0.0,0.0,0.0,0.0,,,,0.30872,0.66103,0.27816,0.0,0.0,0.0,0.46872,0.66,0.7,0.7175,0.15471,0.17344,0.33362,0.45561,0.31696,0.30657,0.35789,0.55491,0.32335,0.30872
linear_weighted-llama_2_7b-tulu_all_no_science_no_safety_no_coding_0.9-llama_2_7b-tulu_none-science_2500_0.1,llama_2_7b,tulu_all_no_science_no_safety_no_coding,0.9,science_2500,0.1,linear_weighted,0.44259259259259265,0.40185185185185185,0.17530487804878048,0.29368777884503167,0.3,0.07,0.49309215211508334,0.5071214926648625,0.7002857142857143,0.42717258261933905,55.54331021608087,12.03740023015275,58.51990049751243,0.0,0.0,0.0,0.0,,,,0.36332,0.28571,0.41894,0.00439,0.11851,0.05267,0.44125,0.08,0.76,0.77469,0.08766,0.13791,0.208,0.33178,0.16636,0.25347,0.35159,0.57875,0.27817,0.25347
linear_weighted-llama_2_7b-tulu_all_no_science_no_safety_no_coding_0.5-llama_2_7b-tulu_none-science_2500_0.5,llama_2_7b,tulu_all_no_science_no_safety_no_coding,0.5,science_2500,0.5,linear_weighted,0.4314814814814814,0.3759259259259259,0.11341463414634147,0.21357869363891416,0.185,0.065,0.4661016949152542,0.49259364762854296,0.8287142857142857,0.379436964504284,58.234108119891665,15.039384125497728,28.651685393258425,0.0,0.0,0.0,0.0,,,,0.41606,0.62689,0.16716,0.00321,0.14595,0.07057,0.52526,0.4,0.74,0.7069,0.12055,0.17634,0.29333,0.46963,0.28375,0.34911,0.40697,0.64545,0.3409,0.29333
linear_weighted-llama_2_7b-tulu_all_no_science_no_safety_no_coding_0.1-llama_2_7b-tulu_none-science_2500_0.9,llama_2_7b,tulu_all_no_science_no_safety_no_coding,0.1,science_2500,0.9,linear_weighted,0.30277777777777776,0.3398148148148148,0.09268292682926829,0.13564201882086802,0.095,0.035,0.2926221335992024,0.3183307221193562,0.8398571428571429,0.24724602203182375,53.992010114521435,12.375390297506357,4.664179104477612,0.0,0.0,0.0,0.0,,,,0.29932,0.61006,0.3181,0.0,0.0,0.0,0.46533,0.6,0.66,0.7197,0.15343,0.14795,0.26846,0.36916,0.29989,0.24603,0.2709,0.45161,0.29638,0.29932
linear_weighted-llama_2_7b-tulu_all_no_science_no_safety_no_coding_0.6-llama_2_7b-tulu_none-science_2500_0.4,llama_2_7b,tulu_all_no_science_no_safety_no_coding,0.6,science_2500,0.4,linear_weighted,0.4435185185185185,0.3870370370370371,0.12317073170731707,0.22778104437282867,0.23,0.065,0.4791340264919527,0.49878934624697335,0.8525714285714285,0.408812729498164,58.10550725381275,14.733310031375892,40.01248439450686,0.0,0.0,0.0,0.0,,,,0.42105,0.59604,0.06986,0.00442,0.13991,0.07806,0.52313,0.08,0.7,0.76205,0.08478,0.17025,0.27902,0.42991,0.28031,0.33702,0.41197,0.66667,0.32437,0.28031
linear_weighted-llama_2_7b-tulu_all_no_science_no_safety_no_coding_0.3-llama_2_7b-tulu_none-science_2500_0.7,llama_2_7b,tulu_all_no_science_no_safety_no_coding,0.3,science_2500,0.7,linear_weighted,0.3953703703703703,0.3583333333333333,0.0975609756097561,0.16775553412833485,0.135,0.04,0.4008688221051132,0.43761572425580403,0.8364285714285714,0.31701346389228885,57.58896701396736,13.9958822523195,10.473815461346634,0.0,0.0,0.0,0.0,,,,0.37447,0.63492,0.25682,0.0,0.0,0.00574,0.48677,0.58,0.7,0.71649,0.15176,0.17226,0.35268,0.43458,0.31166,0.33784,0.38197,0.65263,0.33926,0.33784
llama_2_7b-tulu_none-safety_100,llama_2_7b,tulu_none,1.0,safety_100,1.0,N/A,0.3259259259259259,0.30000000000000004,0.12560975609756098,0.23937138052614154,0.105,0.01,0.3872667711152257,0.39139723686084604,0.0,0.3806609547123623,26.91466346088995,6.103262902607686,3.731343283582089,0.0,0.0,0.0,0.0,0.0,9.999999600000015,0.0,,,,,,,,,,,,,,,,,,,,
tulu_2_7b_no_science_no_safety_no_coding-tulu_match_no_science_no_safety_no_coding-science_2500,tulu_2_7b_no_science_no_safety_no_coding,tulu_match_no_science_no_safety_no_coding,1.0,science_2500,1.0,N/A,0.41018518518518515,0.35277777777777763,0.14451219512195124,0.2832599185530923,0.32,0.05,0.470517020367469,0.480985614584817,0.5751428571428572,0.412484700122399,51.19744463578973,11.42595375572487,66.1892901618929,0.0,0.0,0.0,0.0,,,,0.37782,0.58117,0.52292,0.0,0.02222,0.01111,0.53338,0.56,0.66,0.73958,0.14606,0.18284,0.40524,0.46495,0.30998,0.32653,0.35876,0.58378,0.36291,0.37782
llama_2_7b-tulu_none-science_2500,llama_2_7b,tulu_none,1.0,science_2500,1.0,N/A,0.22592592592592592,0.29074074074074074,0.08902439024390243,0.1322280566220761,0.085,0.045,0.2590086882210511,0.27496083179034325,0.8248571428571428,0.23255813953488372,52.147351524281724,11.375823978601408,2.732919254658385,0.0,0.0,0.0,0.0,,,,0.27815,0.63148,0.33364,0.0,0.00296,0.0,0.44964,0.64,0.66,0.73214,0.1528,0.0959,0.17625,0.26869,0.29424,0.20833,0.22294,0.37333,0.27243,0.27815
tulu_2_7b_no_science_no_safety_no_coding-tulu_match_no_science_no_safety_no_coding-safety_100,tulu_2_7b_no_science_no_safety_no_coding,tulu_match_no_science_no_safety_no_coding,1.0,safety_100,1.0,N/A,0.4212962962962963,0.36944444444444435,0.1704268292682927,0.2958289680945046,0.27,0.035,0.4685230024213075,0.48760860276313917,0.00014285714285714287,0.4369645042839657,51.34585982669341,10.894267065862026,56.529850746268664,0.0,0.0,0.0,0.0,3.5,21.59999913600003,0.0,,,,,,,,,,,,,,,,,,,,
tulu_2_7b_no_science_no_safety_no_coding-tulu_none-science_2500,tulu_2_7b_no_science_no_safety_no_coding,tulu_none,1.0,science_2500,1.0,N/A,0.3888888888888889,0.3694444444444445,0.09481707317073171,0.16098338533776124,0.22,0.04,0.42956843754450935,0.4666714143284432,0.9091428571428571,0.3023255813953488,54.06978025850178,10.924113605123821,9.5,0.0,0.0,0.0,0.0,,,,0.29384,0.60561,0.45565,0.0,0.00284,0.0,0.12724,0.64,0.68,0.72475,0.15616,0.20878,0.40714,0.46028,0.3288,0.34146,0.38117,0.59887,0.32058,0.3288
tulu_2_7b_no_science_no_safety_no_coding-tulu_none-safety_100,tulu_2_7b_no_science_no_safety_no_coding,tulu_none,1.0,safety_100,1.0,N/A,0.4314814814814814,0.3805555555555555,0.1326219512195122,0.23699240237222566,0.305,0.065,0.47357926221335994,0.49344822674832645,0.0,0.4834761321909425,48.63441301480461,9.124169718521314,5.962732919254658,0.0,0.0,0.0,0.0,0.0,12.399999504000018,0.0,,,,,,,,,,,,,,,,,,,,
linear_weighted-llama_2_7b-tulu_all_no_science_no_safety_no_coding_0.5-tulu_2_7b-tulu_none-coding_100_0.5,llama_2_7b,tulu_all_no_science_no_safety_no_coding,0.5,coding_100,0.5,linear_weighted,0.0,0.0,0.0,0.0,0.0,0.0,0.0,0.0,0.0,0.0,0.0,0.0,0.0,0.0,0.0,0.0,0.0,,,,,,,,,,,,,,,,,,,,,,,
linear_weighted-llama_2_7b-tulu_all_no_science_no_safety_no_coding_0.8-tulu_2_7b-tulu_none-coding_100_0.2,llama_2_7b,tulu_all_no_science_no_safety_no_coding,0.8,coding_100,0.2,linear_weighted,0.0,0.0,0.0,0.0,0.0,0.0,0.0,0.0,0.0,0.0,0.0,0.0,0.0,0.0,0.0,0.0,0.0,,,,,,,,,,,,,,,,,,,,,,,
llama_2_7b-tulu_all_no_science_no_safety_no_coding-coding_100,llama_2_7b,tulu_all_no_science_no_safety_no_coding,1.0,coding_100,1.0,N/A,0.4361111111111111,0.3675925925925925,0.37926829268292683,0.6071784064308416,0.335,0.03,0.48981626548924656,0.5031334567725395,0.08942857142857143,0.4173806609547124,50.19443006093204,11.028670720779287,62.795031055900616,0.2780487804878049,0.49299801610456295,0.3944244604316547,0.5598365512919937,,,,,,,,,,,,,,,,,,,,,,,
linear_weighted-llama_2_7b-tulu_all_no_science_no_safety_no_coding_0.6-tulu_2_7b-tulu_none-coding_100_0.4,llama_2_7b,tulu_all_no_science_no_safety_no_coding,0.6,coding_100,0.4,linear_weighted,0.0,0.0,0.0,0.0,0.0,0.0,0.0,0.0,0.0,0.0,0.0,0.0,0.0,0.0,0.0,0.0,0.0,,,,,,,,,,,,,,,,,,,,,,,
linear_weighted-llama_2_7b-tulu_all_no_science_no_safety_no_coding_0.9-tulu_2_7b-tulu_none-coding_100_0.1,llama_2_7b,tulu_all_no_science_no_safety_no_coding,0.9,coding_100,0.1,linear_weighted,0.0,0.0,0.0,0.0,0.0,0.0,0.0,0.0,0.0,0.0,0.0,0.0,0.0,0.0,0.0,0.0,0.0,,,,,,,,,,,,,,,,,,,,,,,
linear_weighted-llama_2_7b-tulu_all_no_science_no_safety_no_coding_0.3-tulu_2_7b-tulu_none-coding_100_0.7,llama_2_7b,tulu_all_no_science_no_safety_no_coding,0.3,coding_100,0.7,linear_weighted,0.0,0.0,0.0,0.0,0.0,0.0,0.0,0.0,0.0,0.0,0.0,0.0,0.0,0.0,0.0,0.0,0.0,,,,,,,,,,,,,,,,,,,,,,,
linear_weighted-llama_2_7b-tulu_all_no_science_no_safety_no_coding_0.2-tulu_2_7b-tulu_none-coding_100_0.8,llama_2_7b,tulu_all_no_science_no_safety_no_coding,0.2,coding_100,0.8,linear_weighted,0.0,0.0,0.0,0.0,0.0,0.0,0.0,0.0,0.0,0.0,0.0,0.0,0.0,0.0,0.0,0.0,0.0,,,,,,,,,,,,,,,,,,,,,,,
linear_weighted-llama_2_7b-tulu_all_no_science_no_safety_no_coding_0.1-tulu_2_7b-tulu_none-coding_100_0.9,llama_2_7b,tulu_all_no_science_no_safety_no_coding,0.1,coding_100,0.9,linear_weighted,0.0,0.0,0.0,0.0,0.0,0.0,0.0,0.0,0.0,0.0,0.0,0.0,0.0,0.0,0.0,0.0,0.0,,,,,,,,,,,,,,,,,,,,,,,
linear_weighted-llama_2_7b-tulu_all_no_science_no_safety_no_coding_0.4-tulu_2_7b-tulu_none-coding_100_0.6,llama_2_7b,tulu_all_no_science_no_safety_no_coding,0.4,coding_100,0.6,linear_weighted,0.0,0.0,0.0,0.0,0.0,0.0,0.0,0.0,0.0,0.0,0.0,0.0,0.0,0.0,0.0,0.0,0.0,,,,,,,,,,,,,,,,,,,,,,,
linear_weighted-llama_2_7b-tulu_all_no_science_no_safety_no_coding_0.7-tulu_2_7b-tulu_none-coding_100_0.3,llama_2_7b,tulu_all_no_science_no_safety_no_coding,0.7,coding_100,0.3,linear_weighted,0.0,0.0,0.0,0.0,0.0,0.0,0.0,0.0,0.0,0.0,0.0,0.0,0.0,0.0,0.0,0.0,0.0,,,,,,,,,,,,,,,,,,,,,,,
linear_weighted-llama_2_7b-tulu_all_no_science_no_safety_no_coding_0.8-tulu_2_7b-tulu_none-science_2500_0.2,llama_2_7b,tulu_all_no_science_no_safety_no_coding,0.8,science_2500,0.2,linear_weighted,0.0,0.0,0.0,0.0,0.0,0.0,0.0,0.0,0.0,0.0,0.0,0.0,0.0,0.0,0.0,0.0,0.0,,,,,,,,,,,,,,,,,,,,,,,
llama_2_7b-tulu_all_no_science_no_safety_no_coding-safety_100,llama_2_7b,tulu_all_no_science_no_safety_no_coding,1.0,safety_100,1.0,N/A,0.4046296296296297,0.3768518518518518,0.1820121951219512,0.27682800096528104,0.29,0.04,0.4743626264064948,0.49515738498789347,0.03142857142857143,0.4541003671970624,52.14475236850055,10.56617764598789,58.54114713216958,0.0,0.0,0.0,0.0,4.75,21.599999136000037,0.0,,,,,,,,,,,,,,,,,,,,
llama_2_7b-tulu_all_no_science_no_safety_no_coding-science_2500,llama_2_7b,tulu_all_no_science_no_safety_no_coding,1.0,science_2500,1.0,N/A,0.4194444444444445,0.3722222222222223,0.18201219512195121,0.31892096048631574,0.3,0.05,0.47308075772681957,0.4967241133741632,0.24842857142857142,0.4222766217870257,51.14222106957478,11.679203954143055,62.15710723192019,0.0,0.0,0.0,0.0,,,,0.16352,0.59046,0.54792,0.0,0.0,0.0,0.52874,0.18,0.72,0.75633,0.07981,0.19518,0.3946,0.48131,0.37513,0.29893,0.33782,0.6044,0.34352,0.37513
linear_weighted-llama_2_7b-tulu_consistent_mix_0.7-tulu_2_7b-tulu_none-science_2500_0.3,llama_2_7b,tulu_consistent_mix,0.7,science_2500,0.3,linear_weighted,0.412962962962963,0.36574074074074087,0.16585365853658537,0.2861341114899599,0.285,0.045,0.48461757584389686,0.501139438826378,0.9162857142857143,0.3806609547123623,55.63048293608325,11.515829135457324,37.76529338327091,0.0,0.0,0.0,0.0,,,,,,,,,,,,,,,,,,,,,,,
linear_weighted-llama_2_7b-tulu_consistent_mix_0.9-tulu_2_7b-tulu_none-science_2500_0.1,llama_2_7b,tulu_consistent_mix,0.9,science_2500,0.1,linear_weighted,0.412962962962963,0.3990740740740741,0.18780487804878046,0.2856077085717273,0.31,0.06,0.4888192565161658,0.5047001851588093,0.7784285714285715,0.397796817625459,54.79667849801454,11.54280397959795,56.849315068493155,0.0,0.0,0.0,0.0,,,,,,,,,,,,,,,,,,,,,,,
linear_weighted-llama_2_7b-tulu_consistent_mix_0.5-tulu_2_7b-tulu_none-science_2500_0.5,llama_2_7b,tulu_consistent_mix,0.5,science_2500,0.5,linear_weighted,0.4148148148148148,0.36018518518518516,0.14054878048780486,0.25033759093734176,0.29,0.055,0.4766415040592508,0.49145420880216495,0.9221428571428572,0.3537331701346389,55.579208316763946,11.181908654333698,27.45952677459527,0.0,0.0,0.0,0.0,,,,,,,,,,,,,,,,,,,,,,,
linear_weighted-llama_2_7b-tulu_consistent_mix_0.8-tulu_2_7b-tulu_none-science_2500_0.2,llama_2_7b,tulu_consistent_mix,0.8,science_2500,0.2,linear_weighted,0.4166666666666667,0.39537037037037037,0.17926829268292682,0.2946341819850466,0.295,0.055,0.48846318188292265,0.5043441105255662,0.8801428571428571,0.386780905752754,55.585190402941215,11.89247746859692,47.5625,0.0,0.0,0.0,0.0,,,,,,,,,,,,,,,,,,,,,,,
linear_weighted-llama_2_7b-tulu_consistent_mix_0.4-tulu_2_7b-tulu_none-science_2500_0.6,llama_2_7b,tulu_consistent_mix,0.4,science_2500,0.6,linear_weighted,0.39907407407407414,0.38703703703703696,0.13109756097560976,0.23190513895980935,0.26,0.06,0.47279589802022504,0.4893177610027062,0.9174285714285715,0.33659730722154224,55.50705234288589,11.293002948634431,23.625,0.0,0.0,0.0,0.0,,,,,,,,,,,,,,,,,,,,,,,
linear_weighted-llama_2_7b-tulu_consistent_mix_0.3-tulu_2_7b-tulu_none-science_2500_0.7,llama_2_7b,tulu_consistent_mix,0.3,science_2500,0.7,linear_weighted,0.39259259259259266,0.3805555555555555,0.1176829268292683,0.21588064204918395,0.245,0.05,0.4640364620424441,0.48369178179746475,0.917,0.3317013463892289,55.87077987275252,11.58184350202891,19.071518193224595,0.0,0.0,0.0,0.0,,,,,,,,,,,,,,,,,,,,,,,
linear_weighted-llama_2_7b-tulu_consistent_mix_0.1-tulu_2_7b-tulu_none-science_2500_0.9,llama_2_7b,tulu_consistent_mix,0.1,science_2500,0.9,linear_weighted,0.3944444444444443,0.36296296296296293,0.10091463414634147,0.18229653190575942,0.24,0.05,0.4447372169206666,0.47222617860703603,0.9068571428571428,0.3084455324357405,54.73989190469814,11.255926918464395,12.109862671660425,0.0,0.0,0.0,0.0,,,,,,,,,,,,,,,,,,,,,,,
linear_weighted-llama_2_7b-tulu_consistent_mix_0.6-tulu_2_7b-tulu_none-science_2500_0.4,llama_2_7b,tulu_consistent_mix,0.6,science_2500,0.4,linear_weighted,0.41574074074074074,0.362962962962963,0.15823170731707317,0.26841466318926105,0.27,0.055,0.4804871100982766,0.49729383278735223,0.9194285714285715,0.3684210526315789,54.67055982796242,11.610674983850519,31.257783312577832,0.0,0.0,0.0,0.0,,,,,,,,,,,,,,,,,,,,,,,
linear_weighted-llama_2_7b-tulu_consistent_mix_0.8-tulu_2_7b-tulu_none-coding_100_0.2,llama_2_7b,tulu_consistent_mix,0.8,coding_100,0.2,linear_weighted,0.449074074074074,0.38981481481481484,0.21951219512195116,0.39149377108581973,0.27,0.045,0.49294972226178607,0.505127474718701,0.7082857142857143,0.43451652386780903,53.80236190485007,11.372090611671654,65.98258706467661,0.149390243902439,0.3250693135679544,0.306294964028777,0.49393664613222715,,,,,,,,,,,,,,,,,,,,,,,
linear_weighted-llama_2_7b-tulu_consistent_mix_0.2-tulu_2_7b-tulu_none-science_2500_0.8,llama_2_7b,tulu_consistent_mix,0.2,science_2500,0.8,linear_weighted,0.4009259259259259,0.3583333333333333,0.11371951219512194,0.19848218401699486,0.25,0.055,0.4561316051844467,0.47998860561173623,0.9095714285714286,0.32068543451652387,55.2773295249248,11.478936136699824,16.478696741854638,0.0,0.0,0.0,0.0,,,,,,,,,,,,,,,,,,,,,,,
linear_weighted-llama_2_7b-tulu_consistent_mix_0.9-tulu_2_7b-tulu_none-safety_100_0.1,llama_2_7b,tulu_consistent_mix,0.9,safety_100,0.1,linear_weighted,0.4083333333333333,0.3962962962962963,0.1850609756097561,0.2894689317327692,0.3,0.065,0.4916678535821108,0.5033471015524854,0.22057142857142858,0.4455324357405141,53.36625994951035,10.947405518129898,59.88805970149254,0.0,0.0,0.0,0.0,25.5,90.39999638400016,8.999999640000015,,,,,,,,,,,,,,,,,,,,
linear_weighted-llama_2_7b-tulu_consistent_mix_0.5-tulu_2_7b-tulu_none-safety_100_0.5,llama_2_7b,tulu_consistent_mix,0.5,safety_100,0.5,linear_weighted,0.42500000000000004,0.3777777777777778,0.1621951219512195,0.2875670165370385,0.335,0.07,0.48483122062384276,0.5029910269192422,0.0,0.5116279069767442,52.462521509523114,10.485523260034755,19.21641791044776,0.0,0.0,0.0,0.0,0.0,28.799998848000048,0.0,,,,,,,,,,,,,,,,,,,,
linear_weighted-llama_2_7b-tulu_consistent_mix_0.7-tulu_2_7b-tulu_none-safety_100_0.3,llama_2_7b,tulu_consistent_mix,0.7,safety_100,0.3,linear_weighted,0.399074074074074,0.3675925925925927,0.17743902439024392,0.30434474816884394,0.32,0.07,0.4869676684233015,0.5033471015524854,0.0,0.5128518971848225,53.035724301984956,10.311467147457442,39.42786069651741,0.0,0.0,0.0,0.0,1.0,51.59999793600007,0.4999999800000008,,,,,,,,,,,,,,,,,,,,
linear_weighted-llama_2_7b-tulu_consistent_mix_0.3-tulu_2_7b-tulu_none-safety_100_0.7,llama_2_7b,tulu_consistent_mix,0.3,safety_100,0.7,linear_weighted,0.41851851851851846,0.3731481481481482,0.14268292682926828,0.2658407344373515,0.33,0.06,0.4802022503916821,0.4983620566870816,0.0,0.5152998776009792,51.07017488448475,10.16270618864538,10.136815920398009,0.0,0.0,0.0,0.0,0.0,17.59999929600003,0.0,,,,,,,,,,,,,,,,,,,,
linear_weighted-llama_2_7b-tulu_consistent_mix_0.6-tulu_2_7b-tulu_none-safety_100_0.4,llama_2_7b,tulu_consistent_mix,0.6,safety_100,0.4,linear_weighted,0.4212962962962962,0.3638888888888889,0.175,0.29676273096381833,0.31,0.065,0.48625551915681525,0.5024925224327019,0.0,0.5177478580171359,52.622571403952094,10.584412082696534,27.14819427148194,0.0,0.0,0.0,0.0,0.0,43.19999827200006,0.9999999600000016,,,,,,,,,,,,,,,,,,,,
linear_weighted-llama_2_7b-tulu_consistent_mix_0.7-tulu_2_7b-tulu_none-coding_100_0.3,llama_2_7b,tulu_consistent_mix,0.7,coding_100,0.3,linear_weighted,0.437037037037037,0.3574074074074074,0.23597560975609758,0.4427497717490544,0.3,0.04,0.49529981484119073,0.5078336419313488,0.731,0.41370869033047736,53.60010304008275,11.827135365924722,63.93034825870647,0.17347560975609755,0.3483824941953765,0.306294964028777,0.5301244293270487,,,,,,,,,,,,,,,,,,,,,,,
linear_weighted-llama_2_7b-tulu_consistent_mix_0.1-tulu_2_7b-tulu_none-safety_100_0.9,llama_2_7b,tulu_consistent_mix,0.1,safety_100,0.9,linear_weighted,0.4046296296296297,0.3685185185185186,0.13414634146341464,0.24443534359622104,0.295,0.07,0.4767839339125481,0.49423159094146135,0.0,0.46878824969400246,49.3156798402353,9.460964220743026,6.778606965174129,0.0,0.0,0.0,0.0,0.0,11.999999520000019,0.0,,,,,,,,,,,,,,,,,,,,
linear_weighted-llama_2_7b-tulu_consistent_mix_0.5-tulu_2_7b-tulu_none-coding_100_0.5,llama_2_7b,tulu_consistent_mix,0.5,coding_100,0.5,linear_weighted,0.4425925925925926,0.3907407407407408,0.2804878048780488,0.5259704757599872,0.35,0.04,0.49423159094146135,0.5093291553909699,0.7537142857142857,0.4186046511627907,53.16204750013267,12.015389903142234,62.39103362391034,0.20884146341463414,0.4122620658809589,0.35143884892086324,0.5344623303284238,,,,,,,,,,,,,,,,,,,,,,,
linear_weighted-llama_2_7b-tulu_consistent_mix_0.8-tulu_2_7b-tulu_none-safety_100_0.2,llama_2_7b,tulu_consistent_mix,0.8,safety_100,0.2,linear_weighted,0.4157407407407408,0.38981481481481484,0.18109756097560978,0.30921986625471487,0.325,0.07,0.49124056402221905,0.5061956986184304,0.0034285714285714284,0.4810281517747858,53.29043283112435,10.392812004333987,55.348258706467654,0.0,0.0,0.0,0.0,7.5,75.5999969760001,0.9999999600000016,,,,,,,,,,,,,,,,,,,,
linear_weighted-llama_2_7b-tulu_consistent_mix_0.4-tulu_2_7b-tulu_none-safety_100_0.6,llama_2_7b,tulu_consistent_mix,0.4,safety_100,0.6,linear_weighted,0.40648148148148144,0.37037037037037046,0.14908536585365853,0.2729009691886306,0.33,0.055,0.4841190713573565,0.501709158239567,0.0,0.5152998776009792,51.67259426199203,10.398572937585325,13.805970149253731,0.0,0.0,0.0,0.0,0.0,24.799999008000036,0.0,,,,,,,,,,,,,,,,,,,,
linear_weighted-llama_2_7b-tulu_consistent_mix_0.2-tulu_2_7b-tulu_none-safety_100_0.8,llama_2_7b,tulu_consistent_mix,0.2,safety_100,0.8,linear_weighted,0.40277777777777785,0.36296296296296293,0.13414634146341464,0.26604872134585944,0.315,0.065,0.4785643070787637,0.4969377581541091,0.0,0.4981640146878825,49.98632050974939,9.695108934513552,7.835820895522389,0.0,0.0,0.0,0.0,0.0,15.599999376000023,0.0,,,,,,,,,,,,,,,,,,,,
linear_weighted-llama_2_7b-tulu_consistent_mix_0.9-tulu_2_7b-tulu_none-coding_100_0.1,llama_2_7b,tulu_consistent_mix,0.9,coding_100,0.1,linear_weighted,0.4166666666666667,0.3953703703703703,0.19725609756097556,0.34131892610900383,0.29,0.055,0.49316336704173197,0.503988035892323,0.6652857142857143,0.42105263157894735,53.27689908327469,10.921382171774383,63.591022443890274,0.13384146341463415,0.2957058987225868,0.28812949640287766,0.47063011436744645,,,,,,,,,,,,,,,,,,,,,,,
linear_weighted-llama_2_7b-tulu_consistent_mix_0.6-tulu_2_7b-tulu_none-coding_100_0.4,llama_2_7b,tulu_consistent_mix,0.6,coding_100,0.4,linear_weighted,0.4268518518518518,0.36111111111111105,0.2646341463414634,0.4771474796818375,0.32,0.04,0.49480131035465036,0.5081185016379434,0.741,0.42962056303549573,52.97101032586417,12.310216229359146,64.83103879849811,0.18048780487804877,0.3967250609769299,0.3190647482014389,0.5122591593096303,,,,,,,,,,,,,,,,,,,,,,,
linear_weighted-llama_2_7b-tulu_consistent_mix_0.2-tulu_2_7b-tulu_none-coding_100_0.8,llama_2_7b,tulu_consistent_mix,0.2,coding_100,0.8,linear_weighted,0.42407407407407416,0.37777777777777777,0.35701219512195126,0.6559904454074958,0.29,0.045,0.4938755163082182,0.5103261643640506,0.7611428571428571,0.41003671970624234,51.771644092829796,11.315004366037638,60.286783042394006,0.2676829268292683,0.5077521823113834,0.39766187050359714,0.5467549383818845,,,,,,,,,,,,,,,,,,,,,,,
linear_weighted-llama_2_7b-tulu_consistent_mix_0.1-tulu_2_7b-tulu_none-coding_100_0.9,llama_2_7b,tulu_consistent_mix,0.1,coding_100,0.9,linear_weighted,0.42685185185185187,0.35648148148148145,0.37347560975609756,0.6722926982403686,0.31,0.045,0.4930209371884347,0.5123913972368609,0.7418571428571429,0.38922888616891066,50.72357310285301,10.990506527427957,60.42446941323346,0.28719512195121955,0.5486975504673534,0.39748201438848924,0.566455878575842,,,,,,,,,,,,,,,,,,,,,,,
linear_weighted-llama_2_7b-tulu_consistent_mix_0.4-tulu_2_7b-tulu_none-coding_100_0.6,llama_2_7b,tulu_consistent_mix,0.4,coding_100,0.6,linear_weighted,0.43981481481481466,0.36203703703703705,0.31890243902439025,0.5701494759865219,0.345,0.045,0.49494374020794757,0.5106110240706452,0.7587142857142857,0.4173806609547124,53.32060024755313,12.028916808850877,62.25124378109452,0.22926829268292678,0.472428830325455,0.37446043165467624,0.55160987363306,,,,,,,,,,,,,,,,,,,,,,,
linear_weighted-llama_2_7b-tulu_consistent_mix_0.3-tulu_2_7b-tulu_none-coding_100_0.7,llama_2_7b,tulu_consistent_mix,0.3,coding_100,0.7,linear_weighted,0.43425925925925923,0.3592592592592592,0.3378048780487805,0.606674478772002,0.325,0.04,0.49401794616151545,0.5098276598775103,0.7602857142857142,0.4149326805385557,52.492179760846646,11.852412414618065,62.45330012453301,0.24878048780487802,0.49431699369874255,0.3861510791366906,0.5562365085523648,,,,,,,,,,,,,,,,,,,,,,,
task_arithmetic-llama_2_7b-tulu_consistent_mix_with_coding_1.0-llama_2_7b-coding_100_0.53,llama_2_7b,tulu_consistent_mix_with_coding,1.0,coding_100,0.53,task_arithmetic,0.37870370370370376,0.37407407407407406,0.2628048780487805,0.0,0.285,0.015,0.4841190713573565,0.0,0.6911428571428572,0.0,49.92003763679862,9.412721357648428,69.80074719800747,0.17835365853658536,0.35066638979083287,0.3357913669064748,0.500477919857277,,,,,,,,,,,,,,,,,,,,,,,
linear_weighted-llama_2_7b-tulu_consistent_mix_0.64-llama_2_7b-coding_100_0.36,llama_2_7b,tulu_consistent_mix,0.64,coding_100,0.36,linear_weighted,0.45,0.36481481481481476,0.2545731707317073,0.47515622450493705,0.27,0.045,0.49935906566016236,0.5145278450363197,0.7007142857142857,0.4602203182374541,54.55526907471815,13.470914056257802,63.99253731343284,0.16920731707317074,0.36421593489950355,0.3278776978417266,0.5121370655537749,,,,,,,,,,,,,,,,,,,,,,,
linear_weighted-llama_2_7b-tulu_consistent_mix_0.81-llama_2_7b-safety_100_0.19,llama_2_7b,tulu_consistent_mix,0.81,safety_100,0.19,linear_weighted,0.44166666666666676,0.3907407407407407,0.17256097560975608,0.31194234293985107,0.345,0.07,0.4933057968950292,0.5101837345107535,0.09557142857142857,0.5079559363525091,54.727657508332854,12.040117062503851,56.03233830845771,0.0,0.0,0.0,0.0,31.0,92.79999628800013,11.999999520000019,,,,,,,,,,,,,,,,,,,,
linear_weighted-llama_2_7b-tulu_consistent_mix_0.82-llama_2_7b-science_2500_0.18,llama_2_7b,tulu_consistent_mix,0.82,science_2500,0.18,linear_weighted,0.42407407407407427,0.3907407407407408,0.16920731707317074,0.2862364217750082,0.32,0.055,0.49294972226178607,0.5061244836917818,0.7725714285714286,0.42105263157894735,56.53049989322314,13.033360662823533,57.453416149068325,0.0,0.0,0.0,0.0,,,,,,,,,,,,,,,,,,,,,,,
linear_weighted-llama_2_7b-tulu_consistent_mix_0.64-tulu_2_7b-tulu_none-coding_100_0.36,llama_2_7b,tulu_consistent_mix,0.64,coding_100,0.36,linear_weighted,0.4351851851851852,0.39537037037037037,0.24542682926829268,0.4606943356801773,0.29,0.035,0.4940891610881641,0.5081185016379434,0.7417142857142857,0.4149326805385557,53.720919784597164,11.799310616108004,66.16729088639201,0.18018292682926831,0.38452079710669157,0.3057553956834532,0.5105543831405248,,,,,,,,,,,,,,,,,,,,,,,
linear_weighted-llama_2_7b-tulu_consistent_mix_0.82-tulu_2_7b-tulu_none-science_2500_0.18,llama_2_7b,tulu_consistent_mix,0.82,science_2500,0.18,linear_weighted,0.41018518518518515,0.36481481481481487,0.1801829268292683,0.27469918795996723,0.275,0.05,0.48646916393676115,0.5014242985329725,0.8738571428571429,0.3880048959608323,55.65497869422298,11.483773464143049,48.81546134663341,0.0,0.0,0.0,0.0,,,,,,,,,,,,,,,,,,,,,,,
linear_weighted-llama_2_7b-tulu_consistent_mix_0.81-tulu_2_7b-tulu_none-safety_100_0.19,llama_2_7b,tulu_consistent_mix,0.81,safety_100,0.19,linear_weighted,0.4305555555555556,0.3898148148148148,0.18201219512195121,0.2889850040844906,0.315,0.065,0.48775103261643643,0.5033471015524854,0.0064285714285714285,0.48225214198286415,53.47835257296566,10.669564220628438,56.64596273291925,0.0,0.0,0.0,0.0,7.5,78.39999686400012,1.4999999400000024,,,,,,,,,,,,,,,,,,,,
tulu_2_7b_no_science_no_safety-tulu_match-coding_100,tulu_2_7b_no_science_no_safety,tulu_match,1.0,coding_100,1.0,N/A,0.4027777777777776,0.3694444444444445,0.4003048780487805,0.5919530848597148,0.305,0.045,0.4600484261501211,0.48461757584389686,0.5144285714285715,0.4320685434516524,51.96378733368847,10.075647815514962,68.22139303482587,0.29634146341463413,0.507458089746846,0.3640287769784173,0.5515599925610617,,,,,,,,,,,,,,,,,,,,,,,
tulu_2_7b_no_science_no_safety-tulu_none-coding_100,tulu_2_7b_no_science_no_safety,tulu_none,1.0,coding_100,1.0,N/A,0.4166666666666667,0.41111111111111115,0.41067073170731705,0.6852718470082361,0.245,0.035,0.4831932773109244,0.5013530836063239,0.7667142857142857,0.44920440636474906,47.71018632934487,9.296918679525804,65.96273291925466,0.3021341463414634,0.5928025572554758,0.3899280575539569,0.5545424990627343,,,,,,,,,,,,,,,,,,,,,,,
llama_2_7b-tulu_all_no_science_no_safety-coding_100,llama_2_7b,tulu_all_no_science_no_safety,1.0,coding_100,1.0,N/A,0.4055555555555556,0.3648148148148148,0.3393292682926829,0.6164503255183238,0.33,0.045,0.4760005697194132,0.49544224469448794,0.23314285714285715,0.423500611995104,51.11676612306722,11.226922512985187,63.059701492537314,0.27439024390243905,0.49653689586106703,0.36492805755395685,0.5318053941959772,,,,,,,,,,,,,,,,,,,,,,,
llama_2_7b-tulu_all_no_science_no_safety,llama_2_7b,tulu_all_no_science_no_safety,1.0,None,1.0,N/A,0.41851851851851846,0.36666666666666675,0.20396341463414636,0.31236567649672686,0.315,0.035,0.48283720267768127,0.5000712149266486,0.6848571428571428,0.4455324357405141,52.40579380363131,10.600848232017746,58.9041095890411,0.1405487804878049,0.2755765811625511,0.30269784172661873,0.47742388911620703,,,,,,,,,,,,,,,,,,,,,,,
task_arithmetic-llama_2_7b-tulu_consistent_mix_1.0-llama_2_7b-coding_100_0.57,llama_2_7b,tulu_consistent_mix,1.0,coding_100,0.57,task_arithmetic,0.4574074074074075,0.38148148148148153,0.25670731707317074,0.4586476019261264,0.26,0.045,0.4990742059535679,0.5134596211365903,0.7048571428571428,0.4528763769889841,54.76270454048695,13.516339305307573,65.73383084577115,0.16829268292682928,0.3863971017278425,0.3276978417266187,0.5278120853465531,,,,,,,,,,,,,,,,,,,,,,,
task_arithmetic-llama_2_7b-tulu_consistent_mix_1.0-llama_2_7b-safety_100_0.24,llama_2_7b,tulu_consistent_mix,1.0,safety_100,0.24,task_arithmetic,0.425,0.400925925925926,0.17804878048780484,0.29791451375023825,0.33,0.075,0.49508617006124483,0.509898874804159,0.08542857142857142,0.5104039167686658,54.81283635190828,12.26432768062662,56.156716417910445,0.0,0.0,0.0,0.0,29.5,91.59999633600015,10.499999580000017,,,,,,,,,,,,,,,,,,,,
task_arithmetic-llama_2_7b-tulu_consistent_mix_1.0-llama_2_7b-science_2500_0.22,llama_2_7b,tulu_consistent_mix,1.0,science_2500,0.22,task_arithmetic,0.42685185185185187,0.38981481481481484,0.16615853658536586,0.29511850567313824,0.295,0.055,0.49287850733513744,0.5089730807577268,0.7667142857142857,0.41615667074663404,56.51409532571993,13.034049883108928,55.47945205479452,0.0,0.0,0.0,0.0,,,,,,,,,,,,,,,,,,,,,,,
linear_weighted-llama_2_7b-tulu_consistent_mix_with_coding_0.7-tulu_2_7b_with_coding-tulu_none-coding_100_0.3,llama_2_7b,tulu_consistent_mix_with_coding,0.7,coding_100,0.3,linear_weighted,0.4055555555555556,0.3722222222222223,0.23323170731707318,0.45021631034524634,0.31,0.04,0.4871813132032474,0.5051986896453496,0.757,0.4430844553243574,51.72900986170905,10.60277523337952,66.39650872817955,0.16890243902439026,0.36545718968036417,0.3377697841726619,0.5254300986671746,,,,,,,,,,,,,,,,,,,,,,,
linear_weighted-llama_2_7b-tulu_consistent_mix_with_coding_0.9-tulu_2_7b_with_coding-tulu_none-coding_100_0.1,llama_2_7b,tulu_consistent_mix_with_coding,0.9,coding_100,0.1,linear_weighted,0.4166666666666666,0.36759259259259264,0.21463414634146344,0.35638853802695075,0.335,0.04,0.48540094003703177,0.5016379433129183,0.7244285714285714,0.4369645042839657,52.64084339017212,10.645592018209308,61.940298507462686,0.1420731707317073,0.28728817150530506,0.3070143884892086,0.48352073066697654,,,,,,,,,,,,,,,,,,,,,,,
linear_weighted-llama_2_7b-tulu_consistent_mix_with_coding_0.6-tulu_2_7b_with_coding-tulu_none-coding_100_0.4,llama_2_7b,tulu_consistent_mix_with_coding,0.6,coding_100,0.4,linear_weighted,0.41851851851851857,0.3796296296296297,0.24420731707317075,0.4534059819965581,0.31,0.035,0.49017234012248967,0.5057684090585387,0.7617142857142857,0.4418604651162791,51.687484117467825,10.570438588943619,67.24782067247821,0.17164634146341462,0.3685030658762064,0.3550359712230216,0.5245955155164012,,,,,,,,,,,,,,,,,,,,,,,
linear_weighted-llama_2_7b-tulu_consistent_mix_with_coding_0.8-tulu_2_7b_with_coding-tulu_none-coding_100_0.2,llama_2_7b,tulu_consistent_mix_with_coding,0.8,coding_100,0.2,linear_weighted,0.41759259259259246,0.3712962962962963,0.21036585365853658,0.4184093298531115,0.315,0.04,0.4876798176897878,0.5064805583250249,0.7362857142857143,0.4541003671970624,51.66387184620871,10.6767100304008,62.873134328358205,0.13567073170731708,0.3407162525234337,0.3293165467625899,0.5089125131945366,,,,,,,,,,,,,,,,,,,,,,,
linear_weighted-llama_2_7b-tulu_consistent_mix_with_coding_0.4-tulu_2_7b_with_coding-tulu_none-coding_100_0.6,llama_2_7b,tulu_consistent_mix_with_coding,0.4,coding_100,0.6,linear_weighted,0.4111111111111111,0.37592592592592594,0.3097560975609756,0.5552196331192782,0.315,0.025,0.4869676684233015,0.0,0.7657142857142857,0.4455324357405141,51.5576360451291,10.270535220159992,68.53233830845771,0.20823170731707316,0.44403597704870074,0.36996402877697837,0.5627208337467374,,,,,,,,,,,,,,,,,,,,,,,
linear_weighted-llama_2_7b-tulu_consistent_mix_with_coding_0.65-tulu_2_7b_with_coding-tulu_none-coding_100_0.35,llama_2_7b,tulu_consistent_mix_with_coding,0.65,coding_100,0.35,linear_weighted,0.4111111111111111,0.374074074074074,0.24207317073170728,0.4657143713343214,0.305,0.035,0.4886056117362199,0.505127474718701,0.7697142857142857,0.44430844553243576,51.76147791754857,10.416335989098581,67.47512437810946,0.1798780487804878,0.3870836697471523,0.33938848920863307,0.5295846935433101,,,,,,,,,,,,,,,,,,,,,,,
linear_weighted-llama_2_7b-tulu_consistent_mix_with_coding_0.5-tulu_2_7b_with_coding-tulu_none-coding_100_0.5,llama_2_7b,tulu_consistent_mix_with_coding,0.5,coding_100,0.5,linear_weighted,0.4157407407407407,0.37407407407407406,0.2798780487804878,0.49382395713476285,0.275,0.03,0.4857570146702749,0.0,0.776,0.4467564259485924,51.49711499747037,10.402712106229432,69.24034869240349,0.18353658536585366,0.4192864590291533,0.3598920863309352,0.5417041780635117,,,,,,,,,,,,,,,,,,,,,,,
linear_weighted-llama_2_7b-tulu_consistent_mix_with_coding_0.2-tulu_2_7b_with_coding-tulu_none-coding_100_0.8,llama_2_7b,tulu_consistent_mix_with_coding,0.2,coding_100,0.8,linear_weighted,0.3879629629629629,0.3648148148148148,0.3792682926829268,0.6000150033082526,0.295,0.02,0.4841902862840051,0.506266913545079,0.77,0.4541003671970624,49.97386511270952,9.7991748775775,66.27329192546584,0.2734756097560976,0.5106742300589994,0.3834532374100719,0.5426849777836481,,,,,,,,,,,,,,,,,,,,,,,
linear_weighted-llama_2_7b-tulu_consistent_mix_with_coding_0.3-tulu_2_7b_with_coding-tulu_none-coding_100_0.7,llama_2_7b,tulu_consistent_mix_with_coding,0.3,coding_100,0.7,linear_weighted,0.3907407407407406,0.37314814814814806,0.0,0.571025747076302,0.305,0.02,0.48739495798319327,0.0,0.7665714285714286,0.45165238678090575,50.763496572613825,10.180395388606094,68.3291770573566,0.22621951219512193,0.4832676149267935,0.37014388489208633,0.5640122706658333,,,,,,,,,,,,,,,,,,,,,,,
linear_weighted-llama_2_7b-tulu_consistent_mix_with_coding_0.1-tulu_2_7b_with_coding-tulu_none-coding_100_0.9,llama_2_7b,tulu_consistent_mix_with_coding,0.1,coding_100,0.9,linear_weighted,0.4157407407407407,0.36574074074074076,0.40853658536585363,0.0,0.26,0.025,0.48461757584389686,0.0,0.7855714285714286,0.43818849449204406,48.75807264563527,9.420707305293043,67.10199004975125,0.3076219512195122,0.5492872207457271,0.3859712230215827,0.5522175193227825,,,,,,,,,,,,,,,,,,,,,,,
linear_weighted-llama_2_7b-tulu_consistent_mix_with_coding_0.65-llama_2_7b-coding_100_0.35,llama_2_7b,tulu_consistent_mix_with_coding,0.65,coding_100,0.35,linear_weighted,0.0,0.0,0.0,0.0,0.0,0.0,0.0,0.0,0.0,0.0,0.0,0.0,0.0,0.17378048780487804,0.39439918516128586,0.33992805755395683,0.5331815822104706,,,,,,,,,,,,,,,,,,,,,,,
task_arithmetic-llama_2_7b-tulu_consistent_mix_with_coding_1.0-llama_2_7b-coding_100_0.1,llama_2_7b,tulu_consistent_mix_with_coding,1.0,coding_100,0.1,task_arithmetic,0.4268518518518518,0.36388888888888893,0.21006097560975612,0.0,0.335,0.04,0.0,0.0,0.0,0.0,52.38584370824262,10.203322697784161,0.0,0.14329268292682926,0.266655025296383,0.3147482014388489,0.4862318506492951,,,,,,,,,,,,,,,,,,,,,,,
task_arithmetic-llama_2_7b-tulu_consistent_mix_with_coding_1.0-llama_2_7b-coding_100_0.3,llama_2_7b,tulu_consistent_mix_with_coding,1.0,coding_100,0.3,task_arithmetic,0.0,0.36296296296296293,0.0,0.0,0.315,0.02,0.0,0.0,0.0,0.0,51.56635918666511,10.022492038929194,0.0,0.14847560975609758,0.2949391656444439,0.3341726618705036,0.5033394034301667,,,,,,,,,,,,,,,,,,,,,,,
task_arithmetic-llama_2_7b-tulu_consistent_mix_with_coding_1.0-llama_2_7b-coding_100_0.2,llama_2_7b,tulu_consistent_mix_with_coding,1.0,coding_100,0.2,task_arithmetic,0.0,0.0,0.0,0.0,0.0,0.0,0.0,0.0,0.0,0.0,0.0,0.0,0.0,0.13597560975609754,0.30819580630801646,0.3269784172661871,0.4830964884504097,,,,,,,,,,,,,,,,,,,,,,,
task_arithmetic-llama_2_7b-tulu_consistent_mix_with_coding_1.0-llama_2_7b-coding_100_0.4,llama_2_7b,tulu_consistent_mix_with_coding,1.0,coding_100,0.4,task_arithmetic,0.0,0.36851851851851847,0.0,0.0,0.32,0.02,0.0,0.0,0.0,0.0,51.25717297235788,9.70704551908197,0.0,0.16676829268292684,0.30557171251311555,0.33974820143884893,0.5025750275961871,,,,,,,,,,,,,,,,,,,,,,,
task_arithmetic-llama_2_7b-tulu_consistent_mix_with_coding_1.0-llama_2_7b-coding_100_0.6,llama_2_7b,tulu_consistent_mix_with_coding,1.0,coding_100,0.6,task_arithmetic,0.0,0.0,0.0,0.0,0.0,0.0,0.0,0.0,0.0,0.0,0.0,0.0,0.0,0.18109756097560975,0.3953150932356928,0.3341726618705036,0.5089048227091972,,,,,,,,,,,,,,,,,,,,,,,
task_arithmetic-llama_2_7b-tulu_consistent_mix_with_coding_1.0-llama_2_7b-coding_100_0.5,llama_2_7b,tulu_consistent_mix_with_coding,1.0,coding_100,0.5,task_arithmetic,0.0,0.0,0.0,0.0,0.0,0.0,0.0,0.0,0.0,0.0,0.0,0.0,0.0,0.17743902439024392,0.37120481647779086,0.3384892086330935,0.4947542712760879,,,,,,,,,,,,,,,,,,,,,,,
task_arithmetic-llama_2_7b-tulu_consistent_mix_with_coding_1.0-llama_2_7b-coding_100_0.7,llama_2_7b,tulu_consistent_mix_with_coding,1.0,coding_100,0.7,task_arithmetic,0.0,0.0,0.0,0.0,0.0,0.0,0.0,0.0,0.0,0.0,0.0,0.0,0.0,0.19573170731707318,0.3765689777261929,0.33399280575539564,0.5096176625566118,,,,,,,,,,,,,,,,,,,,,,,
linear_weighted-llama_2_7b-tulu_consistent_mix_with_coding_0.8-llama_2_7b-coding_100_0.2,llama_2_7b,tulu_consistent_mix_with_coding,0.8,coding_100,0.2,linear_weighted,0.0,0.0,0.0,0.0,0.0,0.0,0.0,0.0,0.0,0.0,0.0,0.0,0.0,0.14664634146341463,0.3415792232761576,0.3241007194244604,0.5093072784622331,,,,,,,,,,,,,,,,,,,,,,,
task_arithmetic-llama_2_7b-tulu_consistent_mix_with_coding_1.0-llama_2_7b-coding_100_0.9,llama_2_7b,tulu_consistent_mix_with_coding,1.0,coding_100,0.9,task_arithmetic,0.0,0.0,0.0,0.0,0.0,0.0,0.0,0.0,0.0,0.0,0.0,0.0,0.0,0.20091463414634148,0.4027947671523523,0.31852517985611517,0.4956391248905225,,,,,,,,,,,,,,,,,,,,,,,
task_arithmetic-llama_2_7b-tulu_consistent_mix_with_coding_1.0-llama_2_7b-coding_100_0.8,llama_2_7b,tulu_consistent_mix_with_coding,1.0,coding_100,0.8,task_arithmetic,0.0,0.0,0.0,0.0,0.0,0.0,0.0,0.0,0.0,0.0,0.0,0.0,0.0,0.20762195121951219,0.39816235546527023,0.33471223021582736,0.5062990137020696,,,,,,,,,,,,,,,,,,,,,,,
linear_weighted-llama_2_7b-tulu_consistent_mix_with_coding_0.5-llama_2_7b-coding_100_0.5,llama_2_7b,tulu_consistent_mix_with_coding,0.5,coding_100,0.5,linear_weighted,0.0,0.0,0.0,0.0,0.0,0.0,0.0,0.0,0.0,0.0,0.0,0.0,0.0,0.2021341463414634,0.416998603035566,0.3642086330935252,0.5382504687107444,,,,,,,,,,,,,,,,,,,,,,,
linear_weighted-llama_2_7b-tulu_consistent_mix_with_coding_0.3-llama_2_7b-coding_100_0.7,llama_2_7b,tulu_consistent_mix_with_coding,0.3,coding_100,0.7,linear_weighted,0.0,0.0,0.0,0.0,0.0,0.0,0.0,0.0,0.0,0.0,0.0,0.0,0.0,0.23567073170731706,0.49663960218592856,0.38183453237410075,0.5596610719391751,,,,,,,,,,,,,,,,,,,,,,,
linear_weighted-llama_2_7b-tulu_consistent_mix_with_coding_0.7-llama_2_7b-coding_100_0.3,llama_2_7b,tulu_consistent_mix_with_coding,0.7,coding_100,0.3,linear_weighted,0.0,0.0,0.0,0.0,0.0,0.0,0.0,0.0,0.0,0.0,0.0,0.0,0.0,0.16371951219512196,0.3436506765152087,0.3296762589928058,0.5293172204101665,,,,,,,,,,,,,,,,,,,,,,,
linear_weighted-llama_2_7b-tulu_consistent_mix_with_coding_0.4-llama_2_7b-coding_100_0.6,llama_2_7b,tulu_consistent_mix_with_coding,0.4,coding_100,0.6,linear_weighted,0.0,0.0,0.0,0.0,0.0,0.0,0.0,0.0,0.0,0.0,0.0,0.0,0.0,0.23902439024390246,0.4293512168191243,0.3739208633093525,0.5544099306711509,,,,,,,,,,,,,,,,,,,,,,,
linear_weighted-llama_2_7b-tulu_consistent_mix_with_coding_0.9-llama_2_7b-coding_100_0.1,llama_2_7b,tulu_consistent_mix_with_coding,0.9,coding_100,0.1,linear_weighted,0.0,0.0,0.0,0.0,0.0,0.0,0.0,0.0,0.0,0.0,0.0,0.0,0.0,0.136890243902439,0.2943771851496687,0.30341726618705034,0.49914298788945194,,,,,,,,,,,,,,,,,,,,,,,
linear_weighted-llama_2_7b-tulu_consistent_mix_with_coding_0.6-llama_2_7b-coding_100_0.4,llama_2_7b,tulu_consistent_mix_with_coding,0.6,coding_100,0.4,linear_weighted,0.0,0.0,0.0,0.0,0.0,0.0,0.0,0.0,0.0,0.0,0.0,0.0,0.0,0.17256097560975608,0.37035597114506724,0.35251798561151076,0.5386933822575402,,,,,,,,,,,,,,,,,,,,,,,
linear_weighted-llama_2_7b-tulu_consistent_mix_with_coding_0.1-llama_2_7b-coding_100_0.9,llama_2_7b,tulu_consistent_mix_with_coding,0.1,coding_100,0.9,linear_weighted,0.0,0.0,0.0,0.0,0.0,0.0,0.0,0.0,0.0,0.0,0.0,0.0,0.0,0.2926829268292683,0.5084241298609267,0.38741007194244603,0.5683397165010635,,,,,,,,,,,,,,,,,,,,,,,
linear_weighted-llama_2_7b-tulu_consistent_mix_with_coding_0.2-llama_2_7b-coding_100_0.8,llama_2_7b,tulu_consistent_mix_with_coding,0.2,coding_100,0.8,linear_weighted,0.0,0.0,0.0,0.0,0.0,0.0,0.0,0.0,0.0,0.0,0.0,0.0,0.0,0.26189024390243903,0.5313114356760056,0.38219424460431656,0.5695528856959464,,,,,,,,,,,,,,,,,,,,,,,
