model_key,base_model,tulu_model,tulu_model_weight,science_model,science_model_weight,merge_method,bbh_cot,bbh_direct,codex_eval_temp_0.1,codex_eval_temp_0.8,gsm_cot,gsm_direct,mmlu_0shot,mmlu_5shot,toxigen,truthfulqa,tydiqa_goldp_1shot,tydiqa_no_context_1shot,alpaca_farm,bioasq,biored,discomat,evidence_inference,multicite,mup,qasper,scierc,scifact,mean,median,invert_toxigen,Tulu Average (Other Evals),Tulu Average (Tulu Subset),Science Average,Combo,Order
llama_2_7b-tulu_none-science_100,llama_2_7b,tulu_none,0.0,science_100,1.0,N/A,0.337037037037037,0.3333333333333333,0.11676829268292682,0.1941656140808523,0.14,0.075,0.4060675117504629,0.4361914257228315,0.7982857142857143,0.30599755201958384,0.563661944688522,0.1581722285186091,0.04472049689440994,0.31064,0.50372,0.5615,0.00909,0.37171,0.08231,0.0,0.28571,0.37126,0.24838,0.28571,0.20171428571428573,0.259276117663422,0.2741705552731442,0.24838,Llama 2 7B -> Tulu None & Science 100,0.0
llama_2_7b-tulu_none-science_200,llama_2_7b,tulu_none,0.0,science_200,1.0,N/A,0.3324074074074074,0.33796296296296297,0.10853658536585366,0.17354632926538838,0.13,0.085,0.4057826520438684,0.4240848881925652,0.8182857142857143,0.2974296205630355,0.5528310461704344,0.15218742714313918,0.0546583850931677,0.28972,0.53174,0.57161,0.00291,0.48977,0.10007,0.0,0.34372,0.55363,0.30356,0.33434,0.18171428571428572,0.2553094586428477,0.2660462157821984,0.30356,Llama 2 7B -> Tulu None & Science 200,0.0
llama_2_7b-tulu_none-science_500,llama_2_7b,tulu_none,0.0,science_500,1.0,N/A,0.3694444444444445,0.3287037037037037,0.11280487804878049,0.18963825195419245,0.105,0.08,0.40257798034468023,0.4361914257228315,0.8115714285714286,0.3329253365973072,0.5550196563355209,0.14970901067277842,0.06218905472636816,0.36175,0.59427,0.52279,0.00979,0.47788,0.26061,0.20867,0.37883,0.58515,0.35648,0.37883,0.1884285714285714,0.25726674064515426,0.2756529119788856,0.35648,Llama 2 7B -> Tulu None & Science 500,0.0
llama_2_7b-tulu_none-science_2500,llama_2_7b,tulu_none,0.0,science_2500,1.0,N/A,0.3574074074074074,0.32222222222222224,0.1173780487804878,0.20383802842932197,0.11,0.05,0.41098134168921807,0.4339125480700755,0.8295714285714286,0.31334149326805383,0.534013772848527,0.15227054529664932,0.05962732919254658,0.34553,0.53942,0.52249,0.0026,0.54563,0.18729,0.14812,0.32979,0.6601,0.34454,0.34553,0.17042857142857137,0.2516159854065851,0.2699547430329558,0.34454,Llama 2 7B -> Tulu None & Science 2500,0.0
llama_2_7b-tulu_none-science_1000,llama_2_7b,tulu_none,0.0,science_1000,1.0,N/A,0.3574074074074075,0.3287037037037038,0.12317073170731707,0.1904728728569626,0.12,0.055,0.40962825808289416,0.4366187152827233,0.8488571428571429,0.33047735618115054,0.5410080778619137,0.1501193180647338,0.053482587064676616,0.34437,0.61871,0.5607,0.00284,0.54415,0.26423,0.09096,0.35614,0.56716,0.34779,0.35614,0.15114285714285713,0.2550385306735335,0.2692024270747328,0.34779,Llama 2 7B -> Tulu None & Science 1000,0.0
llama_2_7b-tulu_all-science_none-seed_42,llama_2_7b,tulu_all,1.0,science_none,0.0,N/A,0.4222222222222222,0.3916666666666667,0.23353658536585364,0.3451765519084103,0.3,0.065,0.5026349522859992,0.5132459763566444,0.8182857142857143,0.4944920440636475,0.5206222417587449,0.14561618829243303,0.34701492537313433,0.30522,0.15135,0.35319,0.0,0.33544,0.25419,0.0,0.21218,0.47423,0.21617,0.25419,0.18171428571428572,0.3103852321730403,0.38923465291580556,0.21617,Llama 2 7B -> Tulu All Seed 42 & Science None,1.0
llama_2_7b-tulu_all-science_none-seed_123,llama_2_7b,tulu_all,1.0,science_none,0.0,N/A,0.46018518518518514,0.39629629629629626,0.23353658536585364,0.3773078230008306,0.3,0.055,0.4995014955134596,0.5132459763566444,0.8264285714285714,0.4944920440636475,0.5206222417587449,0.14455902458326947,0.34285714285714286,0.30488,0.15135,0.35319,0.0,0.33588,0.25507,0.0,0.21269,0.48205,0.21674,0.25507,0.1735714285714286,0.309313976493118,0.39606717011880493,0.21674,Llama 2 7B -> Tulu All Seed 123 & Science None,1.0
llama_2_7b-tulu_none-science_1000-seed_123,llama_2_7b,tulu_none,0.0,science_1000,1.0,N/A,0.3712962962962964,0.31203703703703706,0.12317073170731707,0.20035541932959436,0.125,0.065,0.40962825808289416,0.4364050705027774,0.8515714285714285,0.33047735618115054,0.5412327208055109,0.1501161014113701,0.053549190535491904,0.34802,0.61871,0.5607,0.00284,0.54415,0.26354,0.09096,0.35614,0.57,0.347,0.35614,0.14842857142857147,0.25385566852687985,0.27249597658243874,0.347,Llama 2 7B -> Tulu None Seed 123 & Science 1000,0.0
llama_2_7b-tulu_none-science_1000-seed_52830,llama_2_7b,tulu_none,0.0,science_1000,1.0,N/A,0.3916666666666667,0.32407407407407407,0.12317073170731707,0.20035541932959436,0.125,0.065,0.40962825808289416,0.4366187152827233,0.8512857142857143,0.32558139534883723,0.5412327208055109,0.1501161014113701,0.047263681592039794,0.34802,0.61229,0.5607,0.00284,0.54415,0.26423,0.09096,0.35614,0.57,0.34648,0.35614,0.1487142857142857,0.2559330562930346,0.2736803034424786,0.34648,Llama 2 7B -> Tulu None Seed 52830 & Science 1000,0.0
tulu_2_7b_continued_ft-tulu_none-science_200,tulu_2_7b_continued_ft,tulu_none,0.0,science_200,1.0,N/A,0.3888888888888889,0.3824074074074075,0.17317073170731706,0.2683630790036061,0.21,0.065,0.46524711579547073,0.49038598490243557,0.8624285714285714,0.40636474908200737,0.5507539033159484,0.14111589413655018,0.1093167701863354,0.35743,0.49912,0.58054,0.0,0.46025,0.16816,0.00043,0.34783,0.62651,0.30763,0.34783,0.13757142857142857,0.29041100050935764,0.3170632418554607,0.30763,Tulu 2 7B -> Tulu None & Science 200,0.0
tulu_2_7b_continued_ft-tulu_none-science_100,tulu_2_7b_continued_ft,tulu_none,0.0,science_100,1.0,N/A,0.4333333333333333,0.3935185185185186,0.18475609756097558,0.2944991654121006,0.255,0.06,0.47414898162654895,0.4944452357214072,0.8487142857142858,0.42105263157894735,0.559138744784817,0.1429302916801689,0.11318407960199005,0.29796,0.52168,0.57185,0.0,0.38424,0.06643,0.0,0.30308,0.57297,0.27911,0.30308,0.15128571428571425,0.2950158965337463,0.3377053313279314,0.27911,Tulu 2 7B -> Tulu None & Science 100,0.0
tulu_2_7b_continued_ft-tulu_none-science_1000,tulu_2_7b_continued_ft,tulu_none,0.0,science_1000,1.0,N/A,0.42685185185185187,0.3722222222222222,0.17560975609756097,0.2904876451419908,0.245,0.065,0.4701609457342259,0.48760860276313917,0.9007142857142857,0.4283965728274174,0.5489434993216636,0.1420057901117635,0.11940298507462685,0.3469,0.55602,0.58914,0.0,0.52215,0.17627,0.14878,0.35484,0.63,0.34472,0.35484,0.09928571428571431,0.2883424956596375,0.32856615177968634,0.34472,Tulu 2 7B -> Tulu None & Science 1000,0.0
tulu_2_7b_continued_ft-tulu_none-science_500,tulu_2_7b_continued_ft,tulu_none,0.0,science_500,1.0,N/A,0.4083333333333333,0.38333333333333325,0.1603658536585366,0.2639928786761076,0.265,0.06,0.46546076057541663,0.4830508474576271,0.9101428571428571,0.4369645042839657,0.5558122622478165,0.14251756728979795,0.1259351620947631,0.37911,0.52974,0.55947,0.0,0.48537,0.14429,0.0,0.37002,0.60377,0.31864,0.37911,0.08985714285714286,0.285386408199487,0.32641950550856824,0.31864,Tulu 2 7B -> Tulu None & Science 500,0.0
llama_2_7b-tulu_all-science_none-seed_52830,llama_2_7b,tulu_all,1.0,science_none,0.0,N/A,0.46018518518518514,0.3888888888888889,0.22652439024390247,0.3773078230008306,0.3,0.055,0.4995014955134596,0.5132459763566444,0.8245714285714286,0.4944920440636475,0.5206264380732861,0.14455902458326947,0.3420398009950249,0.30488,0.15135,0.35319,0.0,0.33588,0.25419,0.0,0.21269,0.48205,0.21666,0.25419,0.17542857142857138,0.30691070940489157,0.39619766978250065,0.21666,Llama 2 7B -> Tulu All Seed 52830 & Science None,1.0
tulu_2_7b_continued_ft-tulu_match-science_2500,tulu_2_7b_continued_ft,tulu_match,1.0,science_2500,1.0,N/A,0.4314814814814814,0.39351851851851855,0.18628048780487805,0.3393004101916357,0.335,0.07,0.49494374020794757,0.5042728955989175,0.8565714285714285,0.5299877600979193,0.49881227790610466,0.12270004973760401,0.4502487562189054,0.32168,0.53411,0.50796,0.04007,0.50357,0.2118,0.0,0.29254,0.68966,0.32107,0.32168,0.14342857142857146,0.29684080787647266,0.4029003746915707,0.32107,Tulu 2 7B -> Tulu Match & Science 2500,1.0
tulu_2_7b_continued_ft-tulu_match-science_100,tulu_2_7b_continued_ft,tulu_match,1.0,science_100,1.0,N/A,0.43703703703703706,0.3796296296296297,0.19756097560975608,0.3789773948395484,0.295,0.065,0.49821962683378435,0.5065517732516736,0.8362857142857143,0.5361077111383109,0.5224413132488177,0.125844125232071,0.48692403486924035,0.2807,0.45838,0.51598,0.0056,0.31318,0.12502,0.0,0.30989,0.5782,0.2626,0.3073,0.1637142857142857,0.2968563794958006,0.41480267546012806,0.2626,Tulu 2 7B -> Tulu Match & Science 100,1.0
llama_2_7b-tulu_match-science_200,llama_2_7b,tulu_match,1.0,science_200,1.0,N/A,0.43425925925925923,0.33425925925925926,0.17865853658536585,0.3086797009529774,0.205,0.07,0.45919384703033755,0.4619000142429853,0.7772857142857142,0.46511627906976744,0.5279892047878254,0.15250506904091904,0.36770186335403726,0.28506,0.53034,0.5254,0.02738,0.325,0.22308,0.0,0.35748,0.54804,0.29324,0.325,0.22271428571428575,0.27653714889525244,0.3738318050210613,0.29324,Llama 2 7B -> Tulu Match & Science 200,1.0
tulu_2_7b_continued_ft-tulu_match-science_200,tulu_2_7b_continued_ft,tulu_match,1.0,science_200,1.0,N/A,0.4194444444444445,0.38888888888888895,0.19725609756097562,0.36030824306705905,0.275,0.075,0.49601196410767695,0.5051986896453496,0.843,0.5238678090575275,0.5331963724847519,0.13388389100662246,0.4689054726368159,0.3223,0.46436,0.51687,0.02208,0.32485,0.05883,0.0,0.32258,0.59414,0.26822,0.32258,0.15700000000000003,0.3009043761245311,0.40421678822478446,0.26822,Tulu 2 7B -> Tulu Match & Science 200,1.0
llama_2_7b-tulu_match-science_100,llama_2_7b,tulu_match,1.0,science_100,1.0,N/A,0.412962962962963,0.3185185185185184,0.15213414634146344,0.29229150748066396,0.18,0.05,0.45221478421877226,0.46382281726249824,0.7697142857142857,0.4614443084455324,0.5214758907911129,0.14716551970189654,0.3652173913043478,0.29048,0.43238,0.50054,0.02104,0.32883,0.19297,0.0,0.33746,0.56067,0.27669,0.32,0.23028571428571432,0.26591063651447916,0.3644865699361383,0.27669,Llama 2 7B -> Tulu Match & Science 100,1.0
llama_2_70b-tulu_all-science_none,llama_2_70b,tulu_all,1.0,science_none,0.0,N/A,0.6879629629629629,0.5898148148148148,0.37652439024390244,0.6759753734523424,0.685,0.175,0.669064235863837,0.6869391824526421,0.8711428571428571,0.5642594859241126,0.6584752032272472,0.2520803793775578,0.46335403726708074,0.36885,0.50361,0.63239,0.03466,0.48404,0.29112,0.0,0.32506,0.76018,0.35559,0.36885,0.1288571428571429,0.4612163248902598,0.5666185551943407,0.35559,Llama 2 70B -> Tulu All & Science None,1.0
tulu_2_70b_continued_ft-tulu_match-science_1000,tulu_2_70b_continued_ft,tulu_match,1.0,science_1000,1.0,N/A,0.639814814814815,0.5824074074074075,0.35884146341463413,0.6026583050340885,0.69,0.16,0.6613730237857856,0.6804586241276172,0.8535714285714285,0.5899632802937577,0.6379312564036204,0.23380521632243675,0.49564134495641343,0.35968,0.69062,0.70573,0.04696,0.62883,0.14743,0.0,0.3588,0.70698,0.38172,0.35968,0.14642857142857146,0.4493285558999521,0.5579763245896315,0.38172,Tulu 2 70B -> Tulu Match & Science 1000,1.0
llama_2_7b-tulu_match-science_2500,llama_2_7b,tulu_match,1.0,science_2500,1.0,N/A,0.4342592592592594,0.35370370370370374,0.19664634146341464,0.32312353696292384,0.32,0.05,0.48290841760432984,0.4891753311494089,0.7851428571428571,0.46878824969400246,0.5081507485880739,0.1467669102204843,0.3569651741293532,0.30913,0.57305,0.53575,0.03629,0.24081,0.26867,0.00711,0.34137,0.58163,0.29918,0.30913,0.21485714285714286,0.2875779362810701,0.3886315661368857,0.29918,Llama 2 7B -> Tulu Match & Science 2500,1.0
llama_2_7b-tulu_match-science_1000,llama_2_7b,tulu_match,1.0,science_1000,1.0,N/A,0.42777777777777776,0.3592592592592592,0.1576219512195122,0.2995849106719001,0.21,0.06,0.47414898162654895,0.48454636091724823,0.796,0.4528763769889841,0.5081121521457842,0.13511764166363682,0.3440993788819876,0.31944,0.56112,0.52906,0.0,0.48209,0.25606,0.0,0.35741,0.54255,0.31328,0.35741,0.20399999999999996,0.2801819289961508,0.3650749472616228,0.31328,Llama 2 7B -> Tulu Match & Science 1000,1.0
llama_2_7b-tulu_all-science_upsample,llama_2_7b,tulu_all,1.0,science_upsample,1.0,N/A,0.42129629629629634,0.3851851851851852,0.20762195121951219,0.3886773999616634,0.33,0.065,0.49309215211508334,0.5057684090585387,0.8058571428571428,0.4883720930232558,0.4972403368723511,0.140383549025103,0.3142857142857143,0.37262,0.53197,0.5237,0.00258,0.47118,0.24619,0.0,0.276,0.62673,0.31507,0.37262,0.19414285714285717,0.30162125059114625,0.3908883562121527,0.31507,Llama 2 7B -> Tulu All & Science Upsample,1.0
llama_2_7b-tulu_all-science_100,llama_2_7b,tulu_all,1.0,science_100,1.0,N/A,0.4435185185185185,0.3861111111111111,0.23018292682926833,0.4094212392983442,0.35,0.05,0.4997863552200541,0.5143142002563738,0.8204285714285714,0.5030599755201959,0.509802424842933,0.1409656882929892,0.38432835820895517,0.32104,0.48772,0.47907,0.00503,0.32073,0.216,0.0,0.28208,0.5678,0.27363,0.32073,0.1795714285714286,0.305981354457686,0.4099360375225537,0.27363,Llama 2 7B -> Tulu All & Science 100,1.0
tulu_2_7b_continued_ft-tulu_match-science_1000,tulu_2_7b_continued_ft,tulu_match,1.0,science_1000,1.0,N/A,0.42777777777777776,0.40370370370370373,0.20121951219512196,0.332693509013074,0.295,0.07,0.49764990742059534,0.5050562597920524,0.8602857142857143,0.5336597307221542,0.5204818604301621,0.12000930108009782,0.4501246882793018,0.35426,0.55788,0.50986,0.0,0.34573,0.10997,0.0008,0.35569,0.61386,0.29787,0.35426,0.13971428571428568,0.3008408394271714,0.3996377199196688,0.29787,Tulu 2 7B -> Tulu Match & Science 1000,1.0
llama_2_7b-tulu_match-science_500,llama_2_7b,tulu_match,1.0,science_500,1.0,N/A,0.4333333333333335,0.363888888888889,0.1850609756097561,0.2849923617121382,0.185,0.065,0.4638940321891468,0.47728243839908846,0.7771428571428571,0.4663402692778458,0.4979460974665855,0.14701063328507666,0.3212951432129515,0.30979,0.52851,0.5587,0.00829,0.45837,0.24254,0.04894,0.36198,0.64844,0.329,0.36198,0.22285714285714286,0.2859208957636498,0.35945729750614297,0.329,Llama 2 7B -> Tulu Match & Science 500,1.0
tulu_2_7b_continued_ft-tulu_none-science_2500,tulu_2_7b_continued_ft,tulu_none,0.0,science_2500,1.0,N/A,0.3888888888888889,0.36666666666666664,0.1548780487804878,0.2705318260234065,0.27,0.07,0.47393533684660305,0.4837629967241134,0.8794285714285714,0.4259485924112607,0.5352030768350344,0.1401697508052256,0.13325031133250312,0.22888,0.54268,0.52086,0.00451,0.55556,0.208,0.10029,0.32293,0.62,0.32484,0.32293,0.12057142857142855,0.2832067432834345,0.32729118261364065,0.32484,Tulu 2 7B -> Tulu None & Science 2500,0.0
llama_2_7b-tulu_all-science_2500,llama_2_7b,tulu_all,1.0,science_2500,1.0,N/A,0.44907407407407407,0.40185185185185185,0.20091463414634148,0.3370005409903847,0.32,0.08,0.5026349522859992,0.5143142002563738,0.7978571428571428,0.4920440636474908,0.5210216228153487,0.13740253519496146,0.37733499377334995,0.37241,0.56053,0.49186,0.03693,0.47456,0.16676,0.0,0.34936,0.60287,0.31483,0.37241,0.20214285714285718,0.3081329036176504,0.40015663809118807,0.31483,Llama 2 7B -> Tulu All & Science 2500,1.0
tulu_2_7b_continued_ft-tulu_match-science_500,tulu_2_7b_continued_ft,tulu_match,1.0,science_500,1.0,N/A,0.4083333333333333,0.40185185185185185,0.18170731707317073,0.36383365746991814,0.32,0.05,0.4946588805013531,0.5105398091439965,0.8664285714285714,0.5336597307221542,0.5127289700419627,0.13019633096406336,0.4606741573033708,0.35546,0.5133,0.48993,0.01379,0.39502,0.18838,0.0,0.38938,0.64681,0.30986,0.38938,0.13357142857142856,0.2974725196961798,0.40343251974294014,0.30986,Tulu 2 7B -> Tulu Match & Science 500,1.0
llama_2_7b-tulu_all-science_200,llama_2_7b,tulu_all,1.0,science_200,1.0,N/A,0.45185185185185184,0.4009259259259259,0.2344512195121951,0.3854637679016596,0.37,0.065,0.507050277738214,0.5111807434838342,0.8142857142857143,0.5006119951040392,0.520396193026609,0.14624217941372705,0.3001245330012453,0.31059,0.41944,0.46126,0.02372,0.44007,0.23405,0.0,0.32954,0.58871,0.28369,0.3172,0.18571428571428572,0.3114968019699194,0.40265161304223807,0.28369,Llama 2 7B -> Tulu All & Science 200,1.0
llama_2_7b-tulu_all-science_1000,llama_2_7b,tulu_all,1.0,science_1000,1.0,N/A,0.45092592592592595,0.3787037037037037,0.22317073170731708,0.360373853662761,0.365,0.07,0.49487252528129894,0.5105398091439965,0.8287142857142857,0.5250917992656059,0.5010157926301786,0.14462941866258724,0.33665835411471323,0.371,0.49812,0.51519,0.03733,0.43991,0.21844,0.0,0.34817,0.63158,0.31392,0.371,0.17128571428571426,0.3062639120602669,0.4006529956457748,0.31392,Llama 2 7B -> Tulu All & Science 1000,1.0
llama_2_7b-tulu_all-science_500,llama_2_7b,tulu_all,1.0,science_500,1.0,N/A,0.4370370370370371,0.3833333333333333,0.21128048780487804,0.3873126797690718,0.315,0.065,0.5004272895598918,0.5104685942173479,0.8124285714285714,0.5091799265605875,0.522165829028419,0.13678834973204784,0.35199004975124376,0.30909,0.56002,0.47191,0.03083,0.40079,0.24413,0.0,0.3522,0.64655,0.3059,0.33854,0.1875714285714286,0.3028898932174925,0.40133553003470995,0.3059,Llama 2 7B -> Tulu All & Science 500,1.0
tulu_2_70b_continued_ft-tulu_none-science_1000,tulu_2_70b_continued_ft,tulu_none,0.0,science_1000,1.0,N/A,0.6407407407407406,0.5361111111111111,0.3128048780487805,0.5716559454288821,0.63,0.16,0.6538954564876798,0.6876513317191283,0.8727142857142857,0.4883720930232558,0.6635269374930357,0.2479062635514957,0.2111801242236025,0.22381,0.66805,0.70812,0.03521,0.56801,0.1662,0.01738,0.41045,0.81416,0.3804,0.41045,0.12728571428571434,0.4386874860249406,0.49833212646036384,0.3804,Tulu 2 70B -> Tulu None & Science 1000,0.0
llama_2_7b-tulu_none-science_upsample,llama_2_7b,tulu_none,0.0,science_upsample,1.0,N/A,0.35185185185185197,0.3268518518518519,0.09115853658536585,0.17863715703612254,0.075,0.05,0.38548639794901013,0.4134026491952713,0.7947142857142857,0.3317013463892289,0.49755122156658643,0.12203530385869349,0.06973848069738481,0.34884,0.56002,0.52963,0.00512,0.44082,0.263,0.19314,0.27725,0.65347,0.3429,0.34884,0.2052857142857143,0.23614183178107565,0.2619065212219874,0.3429,Llama 2 7B -> Tulu None & Science Upsample,0.0
tulu_2_7b_continued_ft-tulu_none-science_upsample,tulu_2_7b_continued_ft,tulu_none,0.0,science_upsample,1.0,N/A,0.3601851851851852,0.35555555555555557,0.1429878048780488,0.21391595454307832,0.2,0.035,0.45940749181028345,0.46952001139438826,0.8305714285714285,0.42962056303549573,0.4870748501766039,0.12232702996530394,0.18102372034956304,0.35826,0.52518,0.54768,0.0,0.45286,0.21978,0.00243,0.25026,0.64078,0.31055,0.35826,0.16942857142857148,0.26581840219794745,0.3125820420660977,0.31055,Tulu 2 7B -> Tulu None & Science Upsample,0.0
llama_2_70b-tulu_none-science_100,llama_2_70b,tulu_none,0.0,science_100,1.0,N/A,0.625,0.5435185185185185,0.17286585365853657,0.3027356714115757,0.615,0.165,0.6473436832360062,0.6844466600199401,0.8238571428571428,0.4039167686658507,0.6560413179304283,0.2584627365988798,0.058385093167701865,0.33956,0.60498,0.7026,0.05195,0.57502,0.09859,0.0,0.37232,0.66986,0.35927,0.37232,0.17614285714285716,0.4181234048026359,0.43557067394430254,0.35927,Llama 2 70B -> Tulu None & Science 100,0.0
llama_2_70b-tulu_none-science_1000,llama_2_70b,tulu_none,0.0,science_1000,1.0,N/A,0.6194444444444444,0.5203703703703703,0.2079268292682927,0.4454076609413391,0.575,0.135,0.6369463039453069,0.6791055405212932,0.8324285714285714,0.386780905752754,0.6729322445213037,0.2528989682716702,0.07950310559006211,0.38011,0.67972,0.71852,0.05038,0.63988,0.29112,0.01188,0.44118,0.73333,0.40908,0.44118,0.1675714285714286,0.4124012081588199,0.44794826172082985,0.40908,Llama 2 70B -> Tulu None & Science 1000,0.0
linear_weighted-llama_2_7b-tulu_all_0.1-science_100_0.9,llama_2_7b,tulu_all,0.1,science_100,0.9,linear_weighted,0.38055555555555565,0.33148148148148143,0.13140243902439025,0.2032063119241251,0.14,0.095,0.42515311209229456,0.4552058111380145,0.7995714285714286,0.3427172582619339,0.5607499078683438,0.15505137588415085,0.06343283582089553,0.32889,0.55969,0.55634,0.0161,0.37168,0.08926,0.0,0.27946,0.52133,0.27674,0.27946,0.2004285714285714,0.27055781977767523,0.289530444118965,0.27674,"Llama 2 7B -> Tulu All merged with Science 100, linear_weighted",0.1
linear_weighted-llama_2_7b-tulu_all_0.2-science_100_0.8,llama_2_7b,tulu_all,0.2,science_100,0.8,linear_weighted,0.4037037037037037,0.37685185185185194,0.13780487804878047,0.25186666765236576,0.16,0.085,0.4443099273607748,0.4688790770545506,0.8084285714285714,0.3635250917992656,0.5631984891529169,0.15258610671938136,0.08819875776397515,0.3326,0.5738,0.55778,0.01661,0.35924,0.10039,0.0,0.2906,0.55967,0.28935,0.31311,0.19157142857142861,0.2816668317881858,0.3082967582505538,0.28935,"Llama 2 7B -> Tulu All merged with Science 100, linear_weighted",0.2
linear_weighted-llama_2_7b-tulu_all_0.3-science_100_0.7,llama_2_7b,tulu_all,0.3,science_100,0.7,linear_weighted,0.4009259259259259,0.3777777777777778,0.15304878048780488,0.24603088899320869,0.185,0.085,0.4559891753311494,0.4817689787779519,0.8101428571428572,0.37454100367197063,0.5618676653452169,0.15213113688071858,0.09440993788819876,0.31746,0.58534,0.53526,0.0265,0.34047,0.11004,0.0,0.29588,0.55253,0.2852,0.30713,0.18985714285714284,0.28858260878370084,0.3135777175016016,0.2852,"Llama 2 7B -> Tulu All merged with Science 100, linear_weighted",0.3
linear_weighted-llama_2_7b-tulu_all_0.4-science_100_0.6,llama_2_7b,tulu_all,0.4,science_100,0.6,linear_weighted,0.43611111111111106,0.3824074074074075,0.1722560975609756,0.27753338087571267,0.215,0.08,0.47258225324027914,0.49601196410767695,0.8072857142857143,0.38310893512851896,0.5604925823766171,0.15329483183975495,0.11925465838509317,0.32328,0.58156,0.52794,0.03805,0.32963,0.11798,0.0,0.30185,0.55598,0.28534,0.31335,0.19271428571428573,0.2966637108372487,0.33209965085395227,0.28534,"Llama 2 7B -> Tulu All merged with Science 100, linear_weighted",0.4
linear_weighted-llama_2_7b-tulu_all_0.5-science_100_0.5,llama_2_7b,tulu_all,0.5,science_100,0.5,linear_weighted,0.45648148148148154,0.38611111111111107,0.18140243902439024,0.30225798139035326,0.24,0.075,0.48062953995157387,0.4991454208802165,0.81,0.397796817625459,0.5546593514838747,0.15727691034888294,0.1565217391304348,0.33409,0.59806,0.50316,0.0395,0.31824,0.13778,0.0,0.28541,0.55814,0.28579,0.31076,0.18999999999999995,0.29968021704080283,0.3472933638828971,0.28579,"Llama 2 7B -> Tulu All merged with Science 100, linear_weighted",0.5
linear_weighted-llama_2_7b-tulu_all_0.6-science_100_0.4,llama_2_7b,tulu_all,0.6,science_100,0.4,linear_weighted,0.4555555555555556,0.36203703703703705,0.18201219512195121,0.3392756907066354,0.28,0.08,0.48732374305654463,0.5061244836917818,0.8112857142857143,0.42472460220318237,0.548825446457441,0.15920925050674392,0.19627329192546583,0.24935,0.57705,0.47666,0.03276,0.31393,0.18029,0.0,0.28043,0.5625,0.27253,0.28043,0.18871428571428572,0.29925124167488265,0.3650865769523888,0.27253,"Llama 2 7B -> Tulu All merged with Science 100, linear_weighted",0.6
linear_weighted-llama_2_7b-tulu_all_0.7-science_100_0.3,llama_2_7b,tulu_all,0.7,science_100,0.3,linear_weighted,0.45277777777777783,0.39166666666666666,0.19878048780487806,0.3436201154429653,0.265,0.08,0.4933770118216778,0.5101837345107535,0.8121428571428572,0.4467564259485924,0.5440841282196724,0.15814892718853474,0.21668742216687423,0.3109,0.54963,0.4566,0.03406,0.31244,0.23972,0.0,0.28542,0.55967,0.27834,0.28542,0.18785714285714283,0.3081605917802644,0.3687700030293379,0.27834,"Llama 2 7B -> Tulu All merged with Science 100, linear_weighted",0.7
linear_weighted-llama_2_7b-tulu_all_0.8-science_100_0.2,llama_2_7b,tulu_all,0.8,science_100,0.2,linear_weighted,0.4620370370370371,0.3722222222222222,0.21920731707317076,0.3661346157806552,0.275,0.085,0.501139438826378,0.5136732659165361,0.816,0.4663402692778458,0.5361947054280097,0.1553878663712645,0.26956521739130435,0.36036,0.4979,0.4306,0.02065,0.31488,0.23239,0.0,0.25586,0.55752,0.26992,0.26872,0.18400000000000005,0.3098606562499549,0.38255141046765384,0.26992,"Llama 2 7B -> Tulu All merged with Science 100, linear_weighted",0.8
linear_weighted-llama_2_7b-tulu_all_0.9-science_100_0.1,llama_2_7b,tulu_all,0.9,science_100,0.1,linear_weighted,0.44722222222222224,0.3925925925925926,0.22743902439024394,0.36910247213331865,0.325,0.07,0.5003560746332432,0.5143854151830224,0.8118571428571428,0.47368421052631576,0.5289474841794312,0.1482197352238498,0.31133250311332505,0.34409,0.38447,0.40185,0.01362,0.32131,0.25195,0.0,0.24203,0.51402,0.25541,0.29703,0.18814285714285717,0.31117036376212187,0.39297347799383914,0.25541,"Llama 2 7B -> Tulu All merged with Science 100, linear_weighted",0.9
linear_weighted-llama_2_7b-tulu_all_0.1-science_200_0.9,llama_2_7b,tulu_all,0.1,science_200,0.9,linear_weighted,0.3592592592592593,0.3546296296296297,0.12713414634146342,0.1964476944938321,0.16,0.085,0.42216208517305226,0.44801310354650337,0.8185714285714286,0.3390452876376989,0.5519658569126087,0.15572933798661476,0.07577639751552795,0.28767,0.55428,0.56044,0.00581,0.48747,0.09474,0.0,0.34537,0.55052,0.3019,0.33555,0.18142857142857138,0.2697532201751191,0.2857606440525688,0.3019,"Llama 2 7B -> Tulu All merged with Science 200, linear_weighted",0.1
linear_weighted-llama_2_7b-tulu_all_0.2-science_200_0.8,llama_2_7b,tulu_all,0.2,science_200,0.8,linear_weighted,0.4018518518518517,0.3518518518518518,0.13384146341463415,0.21519090571136934,0.155,0.08,0.44537815126050423,0.46417889189574135,0.8224285714285714,0.3598531211750306,0.5540163321816197,0.15577132728969084,0.08074534161490683,0.31169,0.56818,0.57288,0.00298,0.48125,0.10651,0.0,0.33505,0.55245,0.30651,0.33505,0.1775714285714286,0.2749704043912766,0.29870089154583884,0.30651,"Llama 2 7B -> Tulu All merged with Science 200, linear_weighted",0.2
linear_weighted-llama_2_7b-tulu_all_0.3-science_200_0.7,llama_2_7b,tulu_all,0.3,science_200,0.7,linear_weighted,0.39444444444444443,0.37407407407407417,0.15457317073170732,0.24990594054439103,0.215,0.065,0.4589089873237431,0.4791340264919527,0.8212857142857143,0.379436964504284,0.5564295335813546,0.15539618099658384,0.0968944099378882,0.34025,0.61137,0.56662,0.00288,0.46994,0.12704,0.0,0.33472,0.55944,0.31321,0.33472,0.17871428571428571,0.28455191313104505,0.3162168207562989,0.31321,"Llama 2 7B -> Tulu All merged with Science 200, linear_weighted",0.3
linear_weighted-llama_2_7b-tulu_all_0.4-science_200_0.6,llama_2_7b,tulu_all,0.4,science_200,0.6,linear_weighted,0.44166666666666665,0.3962962962962962,0.16829268292682925,0.2710556876861717,0.22,0.07,0.4727246830935764,0.49323458196838055,0.8184285714285714,0.3953488372093023,0.5566545155076661,0.1567867167321026,0.11428571428571428,0.33761,0.6291,0.54463,0.0234,0.44864,0.16055,0.0,0.31323,0.55439,0.31214,0.32432,0.1815714285714286,0.29630747664866486,0.3316634416275657,0.31214,"Llama 2 7B -> Tulu All merged with Science 200, linear_weighted",0.4
linear_weighted-llama_2_7b-tulu_all_0.5-science_200_0.5,llama_2_7b,tulu_all,0.5,science_200,0.5,linear_weighted,0.44722222222222213,0.40925925925925916,0.17896341463414633,0.32186083002552074,0.25,0.07,0.48112804443811424,0.49772112234724397,0.8101428571428572,0.41003671970624234,0.5523155440966867,0.1557519170043067,0.1371571072319202,0.38095,0.63037,0.51677,0.02896,0.39893,0.2045,0.0,0.30143,0.54676,0.30622,0.30143,0.18985714285714284,0.30156947259870004,0.3486972013222312,0.30622,"Llama 2 7B -> Tulu All merged with Science 200, linear_weighted",0.5
linear_weighted-llama_2_7b-tulu_all_0.6-science_200_0.4,llama_2_7b,tulu_all,0.6,science_200,0.4,linear_weighted,0.4342592592592593,0.39351851851851855,0.18628048780487805,0.31536901141597967,0.29,0.07,0.4867540236433556,0.505910838911836,0.819,0.4259485924112607,0.5534716493400574,0.1579050458050662,0.1691542288557214,0.32917,0.61234,0.46903,0.03987,0.35781,0.26995,0.0,0.29425,0.57249,0.29765,0.29698,0.18100000000000005,0.3032542883253558,0.35699459561570424,0.29765,"Llama 2 7B -> Tulu All merged with Science 200, linear_weighted",0.6
linear_weighted-llama_2_7b-tulu_all_0.7-science_200_0.3,llama_2_7b,tulu_all,0.7,science_200,0.3,linear_weighted,0.43703703703703706,0.4018518518518519,0.19359756097560976,0.3339292852431869,0.285,0.075,0.4946588805013531,0.5098276598775103,0.8218571428571428,0.4430844553243574,0.545199877037754,0.15548647139709426,0.208955223880597,0.28721,0.55977,0.45404,0.03297,0.33152,0.29092,0.0,0.26784,0.57471,0.28454,0.29092,0.17814285714285716,0.3075985339965961,0.3657509520208929,0.28454,"Llama 2 7B -> Tulu All merged with Science 200, linear_weighted",0.7
linear_weighted-llama_2_7b-tulu_all_0.8-science_200_0.2,llama_2_7b,tulu_all,0.8,science_200,0.2,linear_weighted,0.4314814814814815,0.38240740740740753,0.21341463414634146,0.3351246654123646,0.29,0.075,0.4972226178607036,0.5131747614299957,0.8192857142857143,0.4541003671970624,0.5409565943282555,0.1548673186274117,0.24347826086956523,0.29703,0.53258,0.43452,0.03077,0.32195,0.24232,0.0,0.25727,0.58436,0.27246,0.26988,0.18071428571428572,0.30867314717352534,0.3716347841079648,0.27246,"Llama 2 7B -> Tulu All merged with Science 200, linear_weighted",0.8
linear_weighted-llama_2_7b-tulu_all_0.9-science_200_0.1,llama_2_7b,tulu_all,0.9,science_200,0.1,linear_weighted,0.43240740740740735,0.39537037037037054,0.22835365853658535,0.3834732718010676,0.32,0.07,0.49793476712718987,0.5149551345962113,0.8144285714285714,0.4724602203182375,0.5316866524185994,0.151126781995077,0.2906832298136646,0.32517,0.45676,0.39699,0.02231,0.32282,0.25851,0.0,0.23569,0.53211,0.25902,0.26696,0.1855714285714286,0.3124601800157426,0.38927712218219934,0.25902,"Llama 2 7B -> Tulu All merged with Science 200, linear_weighted",0.9
linear_weighted-llama_2_7b-tulu_all_0.1-science_500_0.9,llama_2_7b,tulu_all,0.1,science_500,0.9,linear_weighted,0.36481481481481476,0.3407407407407406,0.13048780487804879,0.22221678400886283,0.11,0.08,0.4247258225324028,0.45442244694487965,0.8208571428571428,0.3463892288861689,0.5563630824604037,0.1500034931040677,0.06716417910447761,0.37782,0.57316,0.54382,0.0176,0.47281,0.25966,0.22091,0.39777,0.58723,0.36189,0.39777,0.17914285714285716,0.2683461554354361,0.2838520961187485,0.36189,"Llama 2 7B -> Tulu All merged with Science 500, linear_weighted",0.1
linear_weighted-llama_2_7b-tulu_all_0.2-science_500_0.8,llama_2_7b,tulu_all,0.2,science_500,0.8,linear_weighted,0.3842592592592593,0.33148148148148143,0.14237804878048782,0.23617590029090446,0.16,0.09,0.44794188861985473,0.46859421734795614,0.8204285714285714,0.3708690330477356,0.5505825135604497,0.15191475492220535,0.08582089552238806,0.37069,0.62354,0.547,0.02335,0.45468,0.26158,0.16022,0.36522,0.62041,0.36069,0.37069,0.1795714285714286,0.27549378664668117,0.30190261485900255,0.36069,"Llama 2 7B -> Tulu All merged with Science 500, linear_weighted",0.2
linear_weighted-llama_2_7b-tulu_all_0.3-science_500_0.7,llama_2_7b,tulu_all,0.3,science_500,0.7,linear_weighted,0.37962962962962965,0.3490740740740741,0.16067073170731708,0.26254904953085123,0.205,0.09,0.4609030052699046,0.4817689787779519,0.8208571428571428,0.3929008567931457,0.555337347095985,0.15360451164989702,0.08322981366459628,0.35269,0.62698,0.53703,0.03407,0.43125,0.2616,0.04743,0.34385,0.64542,0.34588,0.35269,0.17914285714285716,0.286147879164532,0.3148365698908712,0.34588,"Llama 2 7B -> Tulu All merged with Science 500, linear_weighted",0.3
linear_weighted-llama_2_7b-tulu_all_0.4-science_500_0.6,llama_2_7b,tulu_all,0.4,science_500,0.6,linear_weighted,0.42500000000000004,0.37037037037037046,0.17012195121951218,0.2803904450906641,0.215,0.095,0.47315197265346814,0.49437402079475856,0.8248571428571428,0.401468788249694,0.5482168955882375,0.15273638856173602,0.10683229813664596,0.38055,0.62883,0.50332,0.02977,0.40668,0.25211,0.00233,0.31992,0.64822,0.33395,0.38055,0.17514285714285716,0.29616279195685596,0.32815040710769583,0.33395,"Llama 2 7B -> Tulu All merged with Science 500, linear_weighted",0.4
linear_weighted-llama_2_7b-tulu_all_0.5-science_500_0.5,llama_2_7b,tulu_all,0.5,science_500,0.5,linear_weighted,0.4314814814814816,0.3648148148148148,0.17652439024390243,0.306562538118832,0.22,0.095,0.4866115937900584,0.5018515880928642,0.8254285714285714,0.412484700122399,0.5460425007788495,0.1587457822364664,0.15671641791044777,0.36481,0.64987,0.48998,0.03209,0.36937,0.2374,0.0,0.32505,0.64093,0.32586,0.36481,0.1745714285714286,0.2997980272468187,0.34180883259668715,0.32586,"Llama 2 7B -> Tulu All merged with Science 500, linear_weighted",0.5
linear_weighted-llama_2_7b-tulu_all_0.6-science_500_0.4,llama_2_7b,tulu_all,0.6,science_500,0.4,linear_weighted,0.45370370370370355,0.40185185185185185,0.18414634146341463,0.3478509757628915,0.23,0.085,0.4896738356359493,0.5039168209656744,0.8254285714285714,0.43818849449204406,0.5444717461009279,0.15654771166526485,0.17763975155279504,0.3622,0.62517,0.48455,0.0374,0.33845,0.24631,0.0,0.31191,0.64062,0.31309,0.33845,0.1745714285714286,0.30589659115198,0.35701249197746754,0.31309,"Llama 2 7B -> Tulu All merged with Science 500, linear_weighted",0.6
linear_weighted-llama_2_7b-tulu_all_0.7-science_500_0.3,llama_2_7b,tulu_all,0.7,science_500,0.3,linear_weighted,0.45555555555555544,0.3953703703703705,0.20152439024390242,0.3744404617507389,0.285,0.08,0.49643925366756875,0.5096140150975644,0.8217142857142857,0.4565483476132191,0.5426857328604927,0.15455949845376085,0.2124223602484472,0.36093,0.59135,0.44929,0.04467,0.32681,0.26806,0.0,0.29136,0.60241,0.29637,0.29736,0.17828571428571427,0.3084470482105271,0.3751721782477171,0.29637,"Llama 2 7B -> Tulu All merged with Science 500, linear_weighted",0.7
linear_weighted-llama_2_7b-tulu_all_0.8-science_500_0.2,llama_2_7b,tulu_all,0.8,science_500,0.2,linear_weighted,0.4629629629629631,0.39537037037037026,0.21646341463414634,0.3704500306006762,0.285,0.08,0.498860561173622,0.5131747614299957,0.8194285714285714,0.45777233782129745,0.5393768006871791,0.153899927678626,0.2670807453416149,0.35762,0.53829,0.43951,0.02305,0.32311,0.23632,0.0,0.27621,0.58723,0.28258,0.28501,0.1805714285714286,0.3120138725905224,0.3827593583948477,0.28258,"Llama 2 7B -> Tulu All merged with Science 500, linear_weighted",0.8
linear_weighted-llama_2_7b-tulu_all_0.9-science_500_0.1,llama_2_7b,tulu_all,0.9,science_500,0.1,linear_weighted,0.4555555555555555,0.38981481481481484,0.23353658536585364,0.3495899205755356,0.305,0.07,0.49935906566016236,0.5160945734225894,0.8221428571428572,0.4675642594859241,0.5334916992236461,0.1497865443943709,0.2935323383084577,0.32174,0.42489,0.41436,0.00841,0.32425,0.25388,0.0,0.24303,0.55708,0.26163,0.28998,0.17785714285714282,0.312554515236703,0.38524374770830305,0.26163,"Llama 2 7B -> Tulu All merged with Science 500, linear_weighted",0.9
linear_weighted-llama_2_7b-tulu_all_0.1-science_1000_0.9,llama_2_7b,tulu_all,0.1,science_1000,0.9,linear_weighted,0.38148148148148164,0.3407407407407408,0.1375,0.19851736555372443,0.145,0.05,0.4373308645492095,0.4552058111380145,0.8487142857142858,0.3329253365973072,0.5385407874674022,0.15173507190022723,0.08084577114427863,0.34599,0.66041,0.5545,0.01328,0.54518,0.2707,0.09386,0.3657,0.621,0.35966,0.3657,0.15128571428571425,0.26506457248616616,0.28324091513488975,0.35966,"Llama 2 7B -> Tulu All merged with Science 1000, linear_weighted",0.1
linear_weighted-llama_2_7b-tulu_all_0.4-science_1000_0.6,llama_2_7b,tulu_all,0.4,science_1000,0.6,linear_weighted,0.4351851851851852,0.3509259259259259,0.17256097560975608,0.27023710639583176,0.24,0.065,0.48055832502492524,0.4938755163082182,0.8298571428571428,0.3929008567931457,0.5480287507843346,0.15643691882978544,0.12064676616915423,0.37387,0.67972,0.53229,0.03531,0.49003,0.25949,0.01109,0.31991,0.68313,0.35389,0.37387,0.17014285714285715,0.28877914216365064,0.33221248093692923,0.35389,"Llama 2 7B -> Tulu All merged with Science 1000, linear_weighted",0.4
linear_weighted-llama_2_7b-tulu_all_0.3-science_1000_0.7,llama_2_7b,tulu_all,0.3,science_1000,0.7,linear_weighted,0.4046296296296296,0.37870370370370376,0.16036585365853656,0.26071571522942055,0.18,0.065,0.46895029198119925,0.4854721549636804,0.8388571428571429,0.3684210526315789,0.5460761548454764,0.15524211764948972,0.0896637608966376,0.375,0.68978,0.53802,0.032,0.51555,0.26797,0.05129,0.33794,0.67511,0.36411,0.375,0.16114285714285714,0.2883759974898485,0.3099499327945999,0.36411,"Llama 2 7B -> Tulu All merged with Science 1000, linear_weighted",0.3
linear_weighted-llama_2_7b-tulu_all_0.2-science_1000_0.8,llama_2_7b,tulu_all,0.2,science_1000,0.8,linear_weighted,0.40925925925925927,0.3499999999999999,0.14054878048780486,0.22162427544516197,0.175,0.075,0.45349665289844754,0.4685230024213075,0.8414285714285714,0.3525091799265606,0.5437053489629059,0.15008244458296624,0.09079601990049752,0.39648,0.66765,0.55157,0.01196,0.53459,0.26926,0.0881,0.34828,0.65487,0.3673,0.39648,0.15857142857142859,0.2754462049855644,0.3006202706205327,0.3673,"Llama 2 7B -> Tulu All merged with Science 1000, linear_weighted",0.2
linear_weighted-llama_2_7b-tulu_all_0.5-science_1000_0.5,llama_2_7b,tulu_all,0.5,science_1000,0.5,linear_weighted,0.4370370370370371,0.3907407407407408,0.17073170731707318,0.3502220331205455,0.275,0.065,0.48390542657741065,0.5012106537530266,0.8295714285714286,0.41003671970624234,0.548555204122147,0.15764497615168702,0.13432835820895522,0.37349,0.65667,0.51974,0.03932,0.42548,0.24293,0.0,0.32856,0.6747,0.34029,0.37349,0.17042857142857137,0.2977564552859257,0.3511891687751137,0.34029,"Llama 2 7B -> Tulu All merged with Science 1000, linear_weighted",0.5
linear_weighted-llama_2_7b-tulu_all_0.7-science_1000_0.3,llama_2_7b,tulu_all,0.7,science_1000,0.3,linear_weighted,0.45648148148148143,0.3851851851851851,0.2021341463414634,0.349986356428439,0.275,0.075,0.5002848597065945,0.5111807434838342,0.8267142857142857,0.4504283965728274,0.5389485552934856,0.15841762966397432,0.21393034825870647,0.3573,0.58246,0.45557,0.04448,0.34373,0.27195,0.0,0.28175,0.59836,0.30035,0.34373,0.17328571428571427,0.30718307469304856,0.36979321400340603,0.30035,"Llama 2 7B -> Tulu All merged with Science 1000, linear_weighted",0.7
linear_weighted-llama_2_7b-tulu_all_0.8-science_1000_0.2,llama_2_7b,tulu_all,0.8,science_1000,0.2,linear_weighted,0.4657407407407406,0.3805555555555556,0.2201219512195122,0.3654451764727004,0.3,0.075,0.5009257940464321,0.5145278450363197,0.834,0.4589963280293758,0.5360770312684529,0.15320292586618045,0.26492537313432835,0.36923,0.53649,0.43895,0.0265,0.32568,0.24461,0.0,0.28366,0.57642,0.2832,0.28436,0.16600000000000004,0.3096560204523146,0.3822638054615037,0.2832,"Llama 2 7B -> Tulu All merged with Science 1000, linear_weighted",0.8
linear_weighted-llama_2_7b-tulu_all_0.3-science_2500_0.7,llama_2_7b,tulu_all,0.3,science_2500,0.7,linear_weighted,0.3925925925925926,0.3592592592592592,0.16890243902439023,0.2629026800806232,0.215,0.065,0.468238142714713,0.4813416892180601,0.8232857142857143,0.3671970624235006,0.5508659375231847,0.15779152487471182,0.09565217391304348,0.33255,0.62568,0.51134,0.03132,0.524,0.26489,0.05829,0.32563,0.68837,0.34763,0.33255,0.1767142857142857,0.2856061002657469,0.3161453593702429,0.34763,"Llama 2 7B -> Tulu All merged with Science 2500, linear_weighted",0.3
linear_weighted-llama_2_7b-tulu_all_0.9-science_1000_0.1,llama_2_7b,tulu_all,0.9,science_1000,0.1,linear_weighted,0.46203703703703697,0.4018518518518519,0.22743902439024394,0.37100244013330175,0.29,0.07,0.5008545791197835,0.5136020509898874,0.8204285714285714,0.4675642594859241,0.5299160156479626,0.15149804780324275,0.30970149253731344,0.32751,0.4226,0.39816,0.0178,0.32205,0.25699,0.0,0.26614,0.56621,0.26323,0.28571,0.1795714285714286,0.3129988376708523,0.3888309065665939,0.26323,"Llama 2 7B -> Tulu All merged with Science 1000, linear_weighted",0.9
linear_weighted-llama_2_7b-tulu_all_0.1-science_2500_0.9,llama_2_7b,tulu_all,0.1,science_2500,0.9,linear_weighted,0.38888888888888895,0.32037037037037036,0.13445121951219513,0.2063967426517453,0.15,0.045,0.43270189431704886,0.4510041304657456,0.832,0.33659730722154224,0.5378570081975059,0.15761541730039158,0.06956521739130435,0.34874,0.58918,0.53256,0.01214,0.54416,0.1981,0.12799,0.32538,0.67925,0.35147,0.34874,0.16800000000000004,0.25990754468574134,0.2862508823335045,0.35147,"Llama 2 7B -> Tulu All merged with Science 2500, linear_weighted",0.1
linear_weighted-llama_2_7b-tulu_all_0.2-science_2500_0.8,llama_2_7b,tulu_all,0.2,science_2500,0.8,linear_weighted,0.3898148148148149,0.3777777777777778,0.1503048780487805,0.2261687992970557,0.19,0.045,0.4535678678250961,0.46603047998860564,0.8298571428571428,0.34761321909424725,0.5467905564811454,0.15831984160426166,0.07338308457711443,0.35294,0.59242,0.52951,0.02299,0.53601,0.22678,0.09918,0.34162,0.69811,0.35318,0.35294,0.17014285714285715,0.2772439095680052,0.2996851499040413,0.35318,"Llama 2 7B -> Tulu All merged with Science 2500, linear_weighted",0.2
linear_weighted-llama_2_7b-tulu_all_0.6-science_2500_0.4,llama_2_7b,tulu_all,0.6,science_2500,0.4,linear_weighted,0.46296296296296297,0.3898148148148148,0.18780487804878046,0.3578236542963191,0.28,0.085,0.4908132744623273,0.5068366329582681,0.8152857142857143,0.4369645042839657,0.5403222775682559,0.15545930074588962,0.18181818181818182,0.38923,0.60457,0.41678,0.04614,0.38961,0.27981,0.0,0.29425,0.65778,0.3127,0.34426,0.18471428571428572,0.30529204325433684,0.3669273926382873,0.3127,"Llama 2 7B -> Tulu All merged with Science 2500, linear_weighted",0.6
linear_weighted-llama_2_7b-tulu_all_0.7-science_2500_0.3,llama_2_7b,tulu_all,0.7,science_2500,0.3,linear_weighted,0.4166666666666667,0.3814814814814816,0.20609756097560974,0.3277206020966876,0.315,0.075,0.49601196410767695,0.5105398091439965,0.8205714285714286,0.44920440636474906,0.5379877270526014,0.15221478603975044,0.21393034825870647,0.35217,0.57153,0.43747,0.03771,0.36401,0.26649,0.0,0.28726,0.61818,0.29649,0.30688,0.17942857142857138,0.30597890779747244,0.3669937857469574,0.29649,"Llama 2 7B -> Tulu All merged with Science 2500, linear_weighted",0.7
linear_weighted-llama_2_7b-tulu_all_0.5-science_2500_0.5,llama_2_7b,tulu_all,0.5,science_2500,0.5,linear_weighted,0.44629629629629625,0.35555555555555546,0.18048780487804877,0.3283690182806697,0.26,0.075,0.4836205668708161,0.5012818686796753,0.8182857142857143,0.4112607099143207,0.5478348218911614,0.1568825483217251,0.1515527950310559,0.39746,0.62204,0.45423,0.04214,0.45596,0.28619,0.0,0.29703,0.65766,0.33002,0.36517,0.18171428571428572,0.29508160768578,0.35133106174982576,0.33002,"Llama 2 7B -> Tulu All merged with Science 2500, linear_weighted",0.5
linear_weighted-llama_2_7b-tulu_all_0.4-science_2500_0.6,llama_2_7b,tulu_all,0.4,science_2500,0.6,linear_weighted,0.43333333333333335,0.3490740740740741,0.1685975609756098,0.308728347843352,0.24,0.07,0.47785215781227747,0.4905284147557328,0.8247142857142857,0.3806609547123623,0.5482482426352328,0.15359192929783172,0.11940298507462685,0.37931,0.63114,0.49405,0.03964,0.50627,0.27696,0.00241,0.31659,0.6422,0.34097,0.37931,0.17528571428571427,0.2870533989764969,0.3354389669621124,0.34097,"Llama 2 7B -> Tulu All merged with Science 2500, linear_weighted",0.4
linear_weighted-llama_2_7b-tulu_all_0.6-science_1000_0.4,llama_2_7b,tulu_all,0.6,science_1000,0.4,linear_weighted,0.44722222222222224,0.3851851851851852,0.18201219512195121,0.3221222493054782,0.31,0.075,0.4909557043156246,0.5074775672981057,0.8278571428571428,0.4455324357405141,0.5418658953103567,0.156243279358283,0.15422885572139303,0.36559,0.61385,0.48375,0.03855,0.37581,0.24817,0.0,0.29967,0.63415,0.31625,0.36559,0.17214285714285715,0.3022326323769385,0.36050877746980575,0.31625,"Llama 2 7B -> Tulu All merged with Science 1000, linear_weighted",0.6
linear_weighted-llama_2_7b-tulu_all_0.8-science_2500_0.2,llama_2_7b,tulu_all,0.8,science_2500,0.2,linear_weighted,0.4453703703703703,0.39444444444444443,0.21128048780487804,0.361930983197879,0.3,0.08,0.5,0.513317191283293,0.8225714285714286,0.4504283965728274,0.5314850210907403,0.15385107987503355,0.26650062266500624,0.34437,0.52652,0.42439,0.03387,0.33882,0.23152,0.0,0.2869,0.58065,0.28019,0.2869,0.17742857142857138,0.31103506578182366,0.3791429956656744,0.28019,"Llama 2 7B -> Tulu All merged with Science 2500, linear_weighted",0.8
linear_weighted-llama_2_7b-tulu_all_0.9-science_2500_0.1,llama_2_7b,tulu_all,0.9,science_2500,0.1,linear_weighted,0.4481481481481481,0.38703703703703696,0.22103658536585366,0.3587791003453995,0.28,0.06,0.4983620566870816,0.5145990599629683,0.8265714285714286,0.46878824969400246,0.5278883794378553,0.1495142769263346,0.2898009950248756,0.31983,0.38059,0.39525,0.01211,0.33008,0.25393,0.0,0.23,0.54286,0.25457,0.29067,0.17342857142857138,0.30779766987586027,0.38064943759574177,0.25457,"Llama 2 7B -> Tulu All merged with Science 2500, linear_weighted",0.9
dare_linear-llama_2_7b-tulu_all_0.1-science_500_0.9,llama_2_7b,tulu_all,0.1,science_500,0.9,dare_linear,0.3907407407407408,0.337037037037037,0.1274390243902439,0.22431579501824161,0.13,0.085,0.4260789061387267,0.4561316051844467,0.8331428571428572,0.3402692778457772,0.5423559919535581,0.1539647521313166,0.06965174129353234,0.47059,0.58246,0.54819,0.03629,0.46701,0.3003,0.363,0.36842,0.63492,0.39368,0.40918,0.16685714285714282,0.26928400398791513,0.28628369948096494,0.39368,"Llama 2 7B -> Tulu All merged with Science 500, dare_linear",0.1
dare_linear-llama_2_7b-tulu_all_0.3-science_500_0.7,llama_2_7b,tulu_all,0.3,science_500,0.7,dare_linear,0.42314814814814816,0.3759259259259259,0.16097560975609757,0.26831987766066145,0.175,0.085,0.4568437544509329,0.47949010112519586,0.8175714285714286,0.39167686658506734,0.5505307483513774,0.15964528822494478,0.1031055900621118,0.45369,0.63174,0.53981,0.03831,0.42149,0.29289,0.15129,0.31762,0.65926,0.37429,0.42149,0.18242857142857138,0.29008783769289326,0.3188816945858588,0.37429,"Llama 2 7B -> Tulu All merged with Science 500, dare_linear",0.3
dare_linear-llama_2_7b-tulu_all_0.2-science_500_0.8,llama_2_7b,tulu_all,0.2,science_500,0.8,dare_linear,0.3861111111111112,0.34537037037037027,0.14176829268292682,0.23696510862844022,0.16,0.085,0.44352656316763994,0.4706594502207663,0.8405714285714285,0.37576499388004897,0.5425956520313594,0.15264128024226914,0.08592777085927769,0.43813,0.60452,0.56307,0.03704,0.45797,0.29628,0.30306,0.34257,0.65354,0.38962,0.43129,0.15942857142857148,0.27768314062284977,0.29878997138830615,0.38962,"Llama 2 7B -> Tulu All merged with Science 500, dare_linear",0.2
dare_linear-llama_2_7b-tulu_all_0.4-science_500_0.6,llama_2_7b,tulu_all,0.4,science_500,0.6,dare_linear,0.4203703703703705,0.38333333333333336,0.17073170731707318,0.30048778243579266,0.215,0.095,0.47008973080757727,0.4896738356359493,0.8167142857142857,0.38922888616891066,0.5486332178954997,0.15418436107038194,0.132334581772784,0.44311,0.64455,0.52365,0.03911,0.38554,0.28757,0.10046,0.32558,0.64179,0.3602,0.38554,0.18328571428571427,0.29709951216544783,0.3324287854670811,0.3602,"Llama 2 7B -> Tulu All merged with Science 500, dare_linear",0.4
dare_linear-llama_2_7b-tulu_all_0.5-science_500_0.5,llama_2_7b,tulu_all,0.5,science_500,0.5,dare_linear,0.4527777777777778,0.36203703703703705,0.1875,0.31155029652820937,0.25,0.09,0.4807719698048711,0.5000712149266486,0.8297142857142857,0.40514075887392903,0.543922319422012,0.1570886512918332,0.16044776119402987,0.39827,0.64713,0.50772,0.03398,0.35977,0.27421,0.09475,0.3072,0.63602,0.34383,0.35977,0.17028571428571426,0.29946135303036125,0.3468620747358179,0.34383,"Llama 2 7B -> Tulu All merged with Science 500, dare_linear",0.5
dare_linear-llama_2_7b-tulu_all_0.6-science_500_0.4,llama_2_7b,tulu_all,0.6,science_500,0.4,dare_linear,0.4555555555555556,0.399074074074074,0.1899390243902439,0.33546199232316426,0.26,0.09,0.48233869819114084,0.5008545791197835,0.8057142857142857,0.41370869033047736,0.5335692828273559,0.1572175479476257,0.1751552795031056,0.46275,0.62106,0.48771,0.03636,0.33346,0.2769,0.09572,0.28995,0.64151,0.33871,0.33346,0.19428571428571428,0.3063233007752518,0.35625940162706426,0.33871,"Llama 2 7B -> Tulu All merged with Science 500, dare_linear",0.6
dare_linear-llama_2_7b-tulu_all_0.7-science_500_0.3,llama_2_7b,tulu_all,0.7,science_500,0.3,dare_linear,0.4620370370370371,0.3777777777777778,0.21036585365853658,0.34422648540012435,0.265,0.1,0.4898874804158952,0.5044153254522148,0.8205714285714286,0.43084455324357407,0.5343946093034272,0.15447309738663442,0.21766169154228854,0.46245,0.58438,0.44724,0.03712,0.32104,0.32448,0.08899,0.28125,0.59848,0.32087,0.32104,0.17942857142857138,0.3085745632878964,0.3654350535463647,0.32087,"Llama 2 7B -> Tulu All merged with Science 500, dare_linear",0.7
dare_linear-llama_2_7b-tulu_all_0.8-science_500_0.2,llama_2_7b,tulu_all,0.8,science_500,0.2,dare_linear,0.4490740740740742,0.39259259259259266,0.21463414634146338,0.3391766147467272,0.305,0.065,0.48960262070930066,0.5108958837772397,0.8162857142857143,0.4504283965728274,0.5250851561092557,0.1466072019678718,0.2777085927770859,0.43462,0.49288,0.41143,0.01272,0.31603,0.26548,0.05693,0.27804,0.58113,0.29251,0.30684,0.18371428571428572,0.3067709514094012,0.3774737175879446,0.29251,"Llama 2 7B -> Tulu All merged with Science 500, dare_linear",0.8
dare_linear-llama_2_7b-tulu_all_0.9-science_500_0.1,llama_2_7b,tulu_all,0.9,science_500,0.1,dare_linear,0.4425925925925925,0.4,0.21798780487804878,0.36908501337822486,0.345,0.08,0.49252243270189433,0.5092579404643213,0.8022857142857143,0.4785801713586291,0.5227936843005518,0.14949882141055398,0.32711442786069644,0.42234,0.42841,0.36702,0.01346,0.31805,0.28823,0.04227,0.24418,0.54545,0.27213,0.28823,0.19771428571428573,0.3110004178695409,0.39692532598835933,0.27213,"Llama 2 7B -> Tulu All merged with Science 500, dare_linear",0.9
dare_linear-llama_2_7b-tulu_all_0.1-science_1000_0.9,llama_2_7b,tulu_all,0.1,science_1000,0.9,dare_linear,0.4212962962962963,0.34814814814814815,0.1326219512195122,0.22450209874698285,0.14,0.055,0.422019655319755,0.4574134738641219,0.8534285714285714,0.3463892288861689,0.5262663814731339,0.15130877762819359,0.05845771144278607,0.42604,0.65241,0.56025,0.01606,0.53673,0.30105,0.27264,0.34065,0.65789,0.3957,0.42604,0.14657142857142857,0.26698430412068297,0.28568785009206893,0.3957,"Llama 2 7B -> Tulu All merged with Science 1000, dare_linear",0.1
dare_linear-llama_2_7b-tulu_all_0.2-science_1000_0.8,llama_2_7b,tulu_all,0.2,science_1000,0.8,dare_linear,0.43796296296296294,0.36296296296296293,0.14176829268292682,0.25045082532056784,0.18,0.075,0.44096282580828944,0.47001851588092863,0.8424285714285714,0.35128518971848227,0.537714778004351,0.15336455862130277,0.07587064676616916,0.45726,0.64798,0.55472,0.0181,0.52474,0.30321,0.21313,0.3522,0.70539,0.3962,0.45726,0.15757142857142858,0.278855474338175,0.3039773321440314,0.3962,"Llama 2 7B -> Tulu All merged with Science 1000, dare_linear",0.2
dare_linear-llama_2_7b-tulu_all_0.3-science_1000_0.7,llama_2_7b,tulu_all,0.3,science_1000,0.7,dare_linear,0.4231481481481481,0.37037037037037035,0.16067073170731708,0.23822963074831988,0.17,0.065,0.46161515453639085,0.480985614584817,0.8464285714285714,0.36107711138310894,0.5402056941401587,0.1554096563682179,0.09452736318407959,0.46586,0.66563,0.54488,0.02826,0.51097,0.30394,0.18428,0.33087,0.70079,0.3903,0.46586,0.15357142857142858,0.2855703312692565,0.3052968163389543,0.3903,"Llama 2 7B -> Tulu All merged with Science 1000, dare_linear",0.3
dare_linear-llama_2_7b-tulu_all_0.4-science_1000_0.6,llama_2_7b,tulu_all,0.4,science_1000,0.6,dare_linear,0.42222222222222217,0.38333333333333336,0.18170731707317073,0.26901938298053224,0.235,0.06,0.46745477852157813,0.49067084460903004,0.8345714285714285,0.3990208078335373,0.5401487738256543,0.15327573219397667,0.10186335403726708,0.45306,0.68235,0.53219,0.03707,0.47915,0.2717,0.11549,0.32427,0.67188,0.37416,0.45306,0.16542857142857148,0.29327634530309016,0.3250197363561703,0.37416,"Llama 2 7B -> Tulu All merged with Science 1000, dare_linear",0.4
dare_linear-llama_2_7b-tulu_all_0.5-science_1000_0.5,llama_2_7b,tulu_all,0.5,science_1000,0.5,dare_linear,0.43703703703703706,0.3888888888888889,0.18719512195121954,0.3222925134217893,0.27,0.065,0.48226748326449226,0.4986469163936761,0.8324285714285714,0.40514075887392903,0.545659432170075,0.1545344095537703,0.16024844720496895,0.45946,0.64594,0.50513,0.03474,0.41607,0.24095,0.10835,0.32618,0.65637,0.35609,0.41607,0.1675714285714286,0.2988187088635385,0.34877713756796497,0.35609,"Llama 2 7B -> Tulu All merged with Science 1000, dare_linear",0.5
dare_linear-llama_2_7b-tulu_all_0.6-science_1000_0.4,llama_2_7b,tulu_all,0.6,science_1000,0.4,dare_linear,0.47314814814814804,0.39537037037037037,0.19085365853658537,0.34019565818912645,0.29,0.07,0.48810710724967954,0.5027773821392963,0.8321428571428572,0.44920440636474906,0.5361783466114387,0.1569595005508676,0.17310087173100872,0.45769,0.61591,0.48103,0.04344,0.35046,0.23806,0.08291,0.30934,0.59144,0.3302,0.35046,0.16785714285714282,0.3031230489560694,0.3647239601439116,0.3302,"Llama 2 7B -> Tulu All merged with Science 1000, dare_linear",0.6
dare_linear-llama_2_7b-tulu_all_0.9-science_1000_0.1,llama_2_7b,tulu_all,0.9,science_1000,0.1,dare_linear,0.4555555555555556,0.38518518518518524,0.23445121951219514,0.35057846895232686,0.305,0.055,0.4913829938755163,0.5101125195841049,0.7991428571428572,0.4541003671970624,0.5231395578288965,0.14818542730679712,0.337888198757764,0.42086,0.42922,0.38295,0.00748,0.3197,0.28286,0.04266,0.25956,0.58621,0.27775,0.28286,0.20085714285714285,0.3071744785287312,0.389812785628033,0.27775,"Llama 2 7B -> Tulu All merged with Science 1000, dare_linear",0.9
dare_linear-llama_2_7b-tulu_all_0.8-science_1000_0.2,llama_2_7b,tulu_all,0.8,science_1000,0.2,dare_linear,0.46111111111111114,0.38425925925925913,0.21829268292682924,0.36802194350993717,0.32,0.085,0.4947300954280017,0.508759435977781,0.7945714285714286,0.47368421052631576,0.5304867753891486,0.14784623094041482,0.28268991282689915,0.431,0.53119,0.41363,0.02617,0.32759,0.26749,0.05273,0.3011,0.6,0.30312,0.30568,0.2054285714285714,0.30881950751367754,0.3920190775274981,0.30312,"Llama 2 7B -> Tulu All merged with Science 1000, dare_linear",0.8
dare_linear-llama_2_7b-tulu_all_0.1-science_2500_0.9,llama_2_7b,tulu_all,0.1,science_2500,0.9,dare_linear,0.39444444444444443,0.3407407407407408,0.13384146341463415,0.23001266271295717,0.165,0.035,0.42380002848597065,0.4428856288278023,0.8391428571428572,0.3427172582619339,0.5296364453900273,0.15505426191876204,0.06218905472636816,0.4142,0.57383,0.51731,0.02052,0.54052,0.26062,0.22737,0.30243,0.7,0.37334,0.4142,0.1608571428571428,0.2584012872882902,0.2885821296098556,0.37334,"Llama 2 7B -> Tulu All merged with Science 2500, dare_linear",0.1
dare_linear-llama_2_7b-tulu_all_0.7-science_1000_0.3,llama_2_7b,tulu_all,0.7,science_1000,0.3,dare_linear,0.46388888888888896,0.39166666666666666,0.21219512195121953,0.3600032924109795,0.29,0.095,0.4882495371029768,0.5051986896453496,0.8295714285714286,0.43329253365973075,0.5350054951359824,0.15432103362149538,0.20273631840796016,0.45703,0.57779,0.42943,0.04493,0.33858,0.27921,0.08165,0.28479,0.57959,0.31475,0.32589,0.17042857142857137,0.31059670025501346,0.36795057962938627,0.31475,"Llama 2 7B -> Tulu All merged with Science 1000, dare_linear",0.7
dare_linear-llama_2_7b-tulu_all_0.9-science_2500_0.1,llama_2_7b,tulu_all,0.9,science_2500,0.1,dare_linear,0.4537037037037038,0.3888888888888889,0.22804878048780486,0.3757006604359924,0.32,0.07,0.4913829938755163,0.5076912120780516,0.8181428571428572,0.4565483476132191,0.5224557432325692,0.14266812375178112,0.33915211970074816,0.42328,0.40544,0.35785,0.02404,0.38238,0.26569,0.03583,0.236,0.55708,0.2757,0.27907,0.18185714285714283,0.3074980362140964,0.39260008892736153,0.2757,"Llama 2 7B -> Tulu All merged with Science 2500, dare_linear",0.9
dare_linear-llama_2_7b-tulu_all_0.3-science_2500_0.7,llama_2_7b,tulu_all,0.3,science_2500,0.7,dare_linear,0.4203703703703703,0.36574074074074076,0.17378048780487804,0.2770832156215,0.21,0.04,0.4552058111380145,0.48034468024497934,0.8222857142857143,0.37821297429620565,0.534899563837892,0.15432078442472946,0.09440993788819876,0.40167,0.58673,0.51247,0.02944,0.51829,0.27663,0.19149,0.31496,0.68722,0.37252,0.40167,0.1777142857142857,0.2824218955767178,0.31848701985830835,0.37252,"Llama 2 7B -> Tulu All merged with Science 2500, dare_linear",0.3
dare_linear-llama_2_7b-tulu_all_0.2-science_2500_0.8,llama_2_7b,tulu_all,0.2,science_2500,0.8,dare_linear,0.39351851851851855,0.3518518518518519,0.14634146341463414,0.24484587186580692,0.19,0.045,0.4430992736077482,0.46731234866828086,0.843,0.34516523867809057,0.5319685525656933,0.15295507490236218,0.0597758405977584,0.42754,0.59612,0.51827,0.02447,0.53772,0.26148,0.22842,0.32675,0.70222,0.38033,0.42754,0.15700000000000003,0.27179551458423495,0.2956716619792019,0.38033,"Llama 2 7B -> Tulu All merged with Science 2500, dare_linear",0.2
dare_linear-llama_2_7b-tulu_all_0.5-science_2500_0.5,llama_2_7b,tulu_all,0.5,science_2500,0.5,dare_linear,0.4453703703703705,0.38148148148148153,0.18201219512195121,0.33328892186873765,0.23,0.07,0.4830508474576271,0.49900299102691925,0.8222857142857143,0.4186046511627907,0.5334874847412985,0.1485672774663846,0.14588528678304238,0.40678,0.59155,0.45183,0.05367,0.44622,0.29605,0.1155,0.29079,0.6867,0.34794,0.39353,0.1777142857142857,0.296677822687276,0.345925231012269,0.34794,"Llama 2 7B -> Tulu All merged with Science 2500, dare_linear",0.5
dare_linear-llama_2_7b-tulu_all_0.4-science_2500_0.6,llama_2_7b,tulu_all,0.4,science_2500,0.6,dare_linear,0.4361111111111111,0.38888888888888884,0.17926829268292682,0.2699488224152198,0.245,0.07,0.47080188007406354,0.49031476997578693,0.8148571428571428,0.386780905752754,0.5328270580330454,0.15116107366768156,0.11318407960199005,0.42038,0.60375,0.45881,0.02954,0.49735,0.2904,0.11791,0.30874,0.6867,0.3585,0.41885,0.18514285714285716,0.2949912991985118,0.3299745892663801,0.3585,"Llama 2 7B -> Tulu All merged with Science 2500, dare_linear",0.4
dare_linear-llama_2_7b-tulu_all_0.6-science_2500_0.4,llama_2_7b,tulu_all,0.6,science_2500,0.4,dare_linear,0.4453703703703703,0.36574074074074076,0.19634146341463415,0.31581779053084647,0.285,0.085,0.4829796325309785,0.501139438826378,0.8084285714285714,0.408812729498164,0.5347123669947473,0.14997879265081382,0.1654228855721393,0.43714,0.59765,0.41229,0.04141,0.3771,0.30379,0.08516,0.29392,0.67742,0.33502,0.3771,0.19157142857142861,0.2998899790764908,0.3537109005085843,0.33502,"Llama 2 7B -> Tulu All merged with Science 2500, dare_linear",0.6
dare_linear-llama_2_7b-tulu_all_0.8-science_2500_0.2,llama_2_7b,tulu_all,0.8,science_2500,0.2,dare_linear,0.437962962962963,0.3833333333333333,0.21707317073170732,0.3710214170410123,0.305,0.065,0.49708018800740633,0.5082609314912405,0.809,0.4589963280293758,0.5228895456874241,0.145500739231749,0.286425902864259,0.47348,0.5045,0.3638,0.0222,0.3324,0.27751,0.05244,0.27879,0.59916,0.29861,0.30162,0.19099999999999995,0.3045715177132117,0.383797043074055,0.29861,"Llama 2 7B -> Tulu All merged with Science 2500, dare_linear",0.8
dare_linear-llama_2_7b-tulu_all_0.7-science_2500_0.3,llama_2_7b,tulu_all,0.7,science_2500,0.3,dare_linear,0.4527777777777779,0.38703703703703696,0.20670731707317072,0.3613160323781029,0.325,0.08,0.48903290129611166,0.5057684090585387,0.7974285714285714,0.4504283965728274,0.5322019444344956,0.1500166641612699,0.24347826086956523,0.45996,0.56558,0.40936,0.03212,0.37475,0.31654,0.06243,0.28875,0.60241,0.3221,0.3459,0.20257142857142862,0.30588297273142584,0.38210084273753864,0.3221,"Llama 2 7B -> Tulu All merged with Science 2500, dare_linear",0.7
linear_weighted-llama_2_7b-tulu_all_0.0-science_100_1.0,llama_2_7b,tulu_all,0.0,science_100,1.0,linear_weighted,0.337037037037037,0.3333333333333333,0.11676829268292682,0.1941656140808523,0.14,0.075,0.4060675117504629,0.4361914257228315,0.7982857142857143,0.30599755201958384,0.563661944688522,0.1581722285186091,0.04472049689440994,0.31064,0.50372,0.5615,0.00909,0.37171,0.082,0.0,0.28571,0.37126,0.24835,0.28571,0.20171428571428573,0.259276117663422,0.2741705552731442,0.24835,"Llama 2 7B -> Tulu All merged with Science 100, linear_weighted",0.0
linear_weighted-llama_2_7b-tulu_all_1.0-science_100_0.0,llama_2_7b,tulu_all,1.0,science_100,0.0,linear_weighted,0.4222222222222222,0.3916666666666667,0.23353658536585364,0.3451765519084103,0.3,0.065,0.5026349522859992,0.5132459763566444,0.8182857142857143,0.4944920440636475,0.5206222417587449,0.14561618829243303,0.34701492537313433,0.30522,0.15135,0.35319,0.0,0.33544,0.25433,0.0,0.21218,0.47423,0.21617,0.25433,0.18171428571428572,0.3103852321730403,0.38923465291580556,0.21617,"Llama 2 7B -> Tulu All merged with Science 100, linear_weighted",1.0
linear_weighted-llama_2_7b-tulu_all_0.0-science_200_1.0,llama_2_7b,tulu_all,0.0,science_200,1.0,linear_weighted,0.3324074074074074,0.33796296296296297,0.10853658536585366,0.17354632926538838,0.13,0.085,0.4057826520438684,0.4240848881925652,0.8182857142857143,0.2974296205630355,0.5528310461704344,0.15218742714313918,0.0546583850931677,0.28972,0.53174,0.57161,0.00291,0.48977,0.09969,0.0,0.34372,0.55363,0.30353,0.33434,0.18171428571428572,0.2553094586428477,0.2660462157821984,0.30353,"Llama 2 7B -> Tulu All merged with Science 200, linear_weighted",0.0
linear_weighted-llama_2_7b-tulu_all_1.0-science_200_0.0,llama_2_7b,tulu_all,1.0,science_200,0.0,linear_weighted,0.4222222222222222,0.3916666666666667,0.23353658536585364,0.3451765519084103,0.3,0.065,0.5026349522859992,0.5132459763566444,0.8182857142857143,0.4944920440636475,0.5206222417587449,0.14561618829243303,0.34701492537313433,0.30522,0.15135,0.35319,0.0,0.33544,0.25433,0.0,0.21218,0.47423,0.21617,0.25433,0.18171428571428572,0.3103852321730403,0.38923465291580556,0.21617,"Llama 2 7B -> Tulu All merged with Science 200, linear_weighted",1.0
linear_weighted-llama_2_7b-tulu_all_0.0-science_500_1.0,llama_2_7b,tulu_all,0.0,science_500,1.0,linear_weighted,0.3694444444444445,0.3287037037037037,0.11280487804878049,0.18963825195419245,0.105,0.08,0.40257798034468023,0.4361914257228315,0.8115714285714286,0.3329253365973072,0.5550196563355209,0.14970901067277842,0.06218905472636816,0.36175,0.59427,0.52279,0.00979,0.47788,0.26053,0.20867,0.37883,0.58515,0.35648,0.37883,0.1884285714285714,0.25726674064515426,0.2756529119788856,0.35648,"Llama 2 7B -> Tulu All merged with Science 500, linear_weighted",0.0
linear_weighted-llama_2_7b-tulu_all_1.0-science_500_0.0,llama_2_7b,tulu_all,1.0,science_500,0.0,linear_weighted,0.4222222222222222,0.3916666666666667,0.23353658536585364,0.3451765519084103,0.3,0.065,0.5026349522859992,0.5132459763566444,0.8182857142857143,0.4944920440636475,0.5206222417587449,0.14561618829243303,0.34701492537313433,0.30522,0.15135,0.35319,0.0,0.33544,0.25433,0.0,0.21218,0.47423,0.21617,0.25433,0.18171428571428572,0.3103852321730403,0.38923465291580556,0.21617,"Llama 2 7B -> Tulu All merged with Science 500, linear_weighted",1.0
linear_weighted-llama_2_7b-tulu_all_0.0-science_1000_1.0,llama_2_7b,tulu_all,0.0,science_1000,1.0,linear_weighted,0.3574074074074075,0.3287037037037038,0.12317073170731707,0.1904728728569626,0.12,0.055,0.40962825808289416,0.4366187152827233,0.8488571428571429,0.33047735618115054,0.5410080778619137,0.1501193180647338,0.053482587064676616,0.34437,0.61871,0.5607,0.00284,0.54415,0.26417,0.09096,0.35614,0.56716,0.34778,0.35614,0.15114285714285713,0.2550385306735335,0.2692024270747328,0.34778,"Llama 2 7B -> Tulu All merged with Science 1000, linear_weighted",0.0
linear_weighted-llama_2_7b-tulu_all_1.0-science_1000_0.0,llama_2_7b,tulu_all,1.0,science_1000,0.0,linear_weighted,0.4222222222222222,0.3916666666666667,0.23353658536585364,0.3451765519084103,0.3,0.065,0.5026349522859992,0.5132459763566444,0.8182857142857143,0.4944920440636475,0.5206222417587449,0.14561618829243303,0.34701492537313433,0.30522,0.15135,0.35319,0.0,0.33544,0.25433,0.0,0.21218,0.47423,0.21617,0.25433,0.18171428571428572,0.3103852321730403,0.38923465291580556,0.21617,"Llama 2 7B -> Tulu All merged with Science 1000, linear_weighted",1.0
linear_weighted-llama_2_7b-tulu_all_0.0-science_2500_1.0,llama_2_7b,tulu_all,0.0,science_2500,1.0,linear_weighted,0.3574074074074074,0.32222222222222224,0.1173780487804878,0.20383802842932197,0.11,0.05,0.41098134168921807,0.4339125480700755,0.8295714285714286,0.31334149326805383,0.534013772848527,0.15227054529664932,0.05962732919254658,0.34553,0.53942,0.52249,0.0026,0.54563,0.18741,0.14812,0.32979,0.6601,0.34455,0.34553,0.17042857142857137,0.2516159854065851,0.2699547430329558,0.34455,"Llama 2 7B -> Tulu All merged with Science 2500, linear_weighted",0.0
linear_weighted-llama_2_7b-tulu_all_1.0-science_2500_0.0,llama_2_7b,tulu_all,1.0,science_2500,0.0,linear_weighted,0.4222222222222222,0.3916666666666667,0.23353658536585364,0.3451765519084103,0.3,0.065,0.5026349522859992,0.5132459763566444,0.8182857142857143,0.4944920440636475,0.5206222417587449,0.14561618829243303,0.34701492537313433,0.30522,0.15135,0.35319,0.0,0.33544,0.25433,0.0,0.21218,0.47423,0.21617,0.25433,0.18171428571428572,0.3103852321730403,0.38923465291580556,0.21617,"Llama 2 7B -> Tulu All merged with Science 2500, linear_weighted",1.0
dare_linear-llama_2_7b-tulu_all_0.0-science_500_1.0,llama_2_7b,tulu_all,0.0,science_500,1.0,dare_linear,0.3694444444444445,0.3287037037037037,0.11280487804878049,0.18963825195419245,0.105,0.08,0.40257798034468023,0.4361914257228315,0.8115714285714286,0.3329253365973072,0.5550196563355209,0.14970901067277842,0.06218905472636816,0.36175,0.59427,0.52279,0.00979,0.47788,0.26053,0.20867,0.37883,0.58515,0.35648,0.37883,0.1884285714285714,0.25726674064515426,0.2756529119788856,0.35648,"Llama 2 7B -> Tulu All merged with Science 500, dare_linear",0.0
dare_linear-llama_2_7b-tulu_all_1.0-science_500_0.0,llama_2_7b,tulu_all,1.0,science_500,0.0,dare_linear,0.4222222222222222,0.3916666666666667,0.23353658536585364,0.3451765519084103,0.3,0.065,0.5026349522859992,0.5132459763566444,0.8182857142857143,0.4944920440636475,0.5206222417587449,0.14561618829243303,0.34701492537313433,0.30522,0.15135,0.35319,0.0,0.33544,0.25433,0.0,0.21218,0.47423,0.21617,0.25433,0.18171428571428572,0.3103852321730403,0.38923465291580556,0.21617,"Llama 2 7B -> Tulu All merged with Science 500, dare_linear",1.0
dare_linear-llama_2_7b-tulu_all_0.0-science_1000_1.0,llama_2_7b,tulu_all,0.0,science_1000,1.0,dare_linear,0.3574074074074075,0.3287037037037038,0.12317073170731707,0.1904728728569626,0.12,0.055,0.40962825808289416,0.4366187152827233,0.8488571428571429,0.33047735618115054,0.5410080778619137,0.1501193180647338,0.053482587064676616,0.34437,0.61871,0.5607,0.00284,0.54415,0.26417,0.09096,0.35614,0.56716,0.34778,0.35614,0.15114285714285713,0.2550385306735335,0.2692024270747328,0.34778,"Llama 2 7B -> Tulu All merged with Science 1000, dare_linear",0.0
dare_linear-llama_2_7b-tulu_all_1.0-science_1000_0.0,llama_2_7b,tulu_all,1.0,science_1000,0.0,dare_linear,0.4222222222222222,0.3916666666666667,0.23353658536585364,0.3451765519084103,0.3,0.065,0.5026349522859992,0.5132459763566444,0.8182857142857143,0.4944920440636475,0.5206222417587449,0.14561618829243303,0.34701492537313433,0.30522,0.15135,0.35319,0.0,0.33544,0.25433,0.0,0.21218,0.47423,0.21617,0.25433,0.18171428571428572,0.3103852321730403,0.38923465291580556,0.21617,"Llama 2 7B -> Tulu All merged with Science 1000, dare_linear",1.0
dare_linear-llama_2_7b-tulu_all_0.0-science_2500_1.0,llama_2_7b,tulu_all,0.0,science_2500,1.0,dare_linear,0.3574074074074074,0.32222222222222224,0.1173780487804878,0.20383802842932197,0.11,0.05,0.41098134168921807,0.4339125480700755,0.8295714285714286,0.31334149326805383,0.534013772848527,0.15227054529664932,0.05962732919254658,0.34553,0.53942,0.52249,0.0026,0.54563,0.18741,0.14812,0.32979,0.6601,0.34455,0.34553,0.17042857142857137,0.2516159854065851,0.2699547430329558,0.34455,"Llama 2 7B -> Tulu All merged with Science 2500, dare_linear",0.0
dare_linear-llama_2_7b-tulu_all_1.0-science_2500_0.0,llama_2_7b,tulu_all,1.0,science_2500,0.0,dare_linear,0.4222222222222222,0.3916666666666667,0.23353658536585364,0.3451765519084103,0.3,0.065,0.5026349522859992,0.5132459763566444,0.8182857142857143,0.4944920440636475,0.5206222417587449,0.14561618829243303,0.34701492537313433,0.30522,0.15135,0.35319,0.0,0.33544,0.25433,0.0,0.21218,0.47423,0.21617,0.25433,0.18171428571428572,0.3103852321730403,0.38923465291580556,0.21617,"Llama 2 7B -> Tulu All merged with Science 2500, dare_linear",1.0
