model_key,base_model,tulu_model,tulu_model_weight,science_model,science_model_weight,merge_method,bbh_cot,bbh_direct,codex_eval_temp_0.1,codex_eval_temp_0.8,gsm_cot,gsm_direct,mmlu_0shot,mmlu_5shot,toxigen,truthfulqa,tydiqa_goldp_1shot,tydiqa_no_context_1shot,alpaca_eval,harmbench,safe_average,unsafe_average,invert_toxigen,invert_unsafe_average,normalized_safe_average,normalized_harmbench,Tulu Average (Other Evals),Tulu Average (Tulu Subset),Safety Average,Safety Average (except exaggerated),Combo
llama_2_7b-tulu_all-safety_none,llama_2_7b,tulu_all,1.0,safety_none,1.0,N/A,0.44629629629629625,0.37129629629629624,0.20304878048780486,0.36920290122925475,0.33,0.075,0.4888192565161658,0.5045577553055121,0.5928571428571429,0.47368421052631576,0.47441829140352193,0.13424108453002123,0.7288029925187033,54.0,99.19999603200017,31.99999872000005,0.40714285714285714,0.6800000127999994,0.9919999603200017,0.45999999999999996,0.2987836119875244,0.5106315594702223,0.5157142899809521,0.5157142899809521,Llama 2 7B -> Tulu All & Safety None
llama_2_7b-tulu_none-safety_40,llama_2_7b,tulu_none,0.0,safety_40,1.0,N/A,0.14259259259259258,0.24166666666666672,0.12378048780487803,0.1709204532913285,0.09,0.015,0.3612733228884774,0.368964534966529,0.0,0.39167686658506734,0.22119022930018406,0.05216366528311383,0.03850931677018633,0.0,9.999999600000017,0.0,1.0,1.0,0.09999999600000016,1.0,0.19508998161461943,0.21109335152252146,1.0,1.0,Llama 2 7B -> Tulu None & Safety 40%
llama_2_7b-tulu_none-safety_20,llama_2_7b,tulu_none,0.0,safety_20,1.0,N/A,0.1425925925925926,0.21388888888888888,0.12804878048780488,0.21567044391838625,0.1,0.005,0.3568579974362626,0.3664720125338271,0.0,0.3463892288861689,0.2546600577264565,0.06404693853613869,0.03980099502487562,0.0,5.599999776000009,0.0,1.0,1.0,0.055999997760000086,1.0,0.19065477216341442,0.21031004547426674,1.0,1.0,Llama 2 7B -> Tulu None & Safety 20%
llama_2_7b-tulu_none-safety_60,llama_2_7b,tulu_none,0.0,safety_60,1.0,N/A,0.09629629629629628,0.25833333333333336,0.1228658536585366,0.19251492013989183,0.085,0.02,0.34325594644637514,0.34054977923372737,0.0,0.42472460220318237,0.21323315692760833,0.053178025390620415,0.043478260869565216,0.0,9.999999600000017,0.0,1.0,1.0,0.09999999600000016,1.0,0.18924612847499087,0.2078607025733363,1.0,1.0,Llama 2 7B -> Tulu None & Safety 60%
llama_2_7b-tulu_none-safety_80,llama_2_7b,tulu_none,0.0,safety_80,1.0,N/A,0.1435185185185185,0.2796296296296297,0.1173780487804878,0.19691752972542825,0.08,0.035,0.3835635949294972,0.37829369035749894,0.0,0.4039167686658507,0.23479538728208196,0.05531919216437893,0.04720496894409938,0.0,14.399999424000024,0.0,1.0,1.0,0.14399999424000023,1.0,0.20731904188158237,0.22667311333733958,1.0,1.0,Llama 2 7B -> Tulu None & Safety 80%
llama_2_7b-tulu_none-safety_upsample,llama_2_7b,tulu_none,0.0,safety_upsample,1.0,N/A,0.2537037037037037,0.287962962962963,0.08780487804878048,0.1734733589298265,0.06,0.055,0.3118501637943313,0.3183307221193562,0.0,0.40514075887392903,0.2512010162722572,0.05452925672653563,0.031055900621118012,0.0,6.79999972800001,0.0,1.0,1.0,0.0679999972800001,1.0,0.1869930903294986,0.21762414269343539,1.0,1.0,Llama 2 7B -> Tulu None & Safety Upsample
llama_2_7b-tulu_none-safety_100,llama_2_7b,tulu_none,0.0,safety_100,1.0,N/A,0.13888888888888887,0.27962962962962956,0.12195121951219512,0.19123524949716147,0.1,0.05,0.36227033186155816,0.36191425722831505,0.0,0.3843329253365973,0.17626226564905478,0.0390164653024794,0.03975155279503106,0.0,7.999999680000011,0.4999999800000008,1.0,0.9950000002,0.07999999680000011,1.0,0.20240430481682237,0.20471280829046581,0.9983333334000001,0.9983333334000001,Llama 2 7B -> Tulu None & Safety 100%
llama_2_7b-tulu_all-safety_80,llama_2_7b,tulu_all,1.0,safety_80,1.0,N/A,0.4527777777777777,0.3953703703703703,0.2253048780487805,0.3814314885446804,0.31,0.055,0.49380430138156955,0.5025637373593506,0.008714285714285714,0.5079559363525091,0.4712518398306169,0.12321548889550553,0.7057356608478803,14.25,41.19999835200006,0.0,0.9912857142857143,1.0,0.41199998352000056,0.8575,0.3006697020055596,0.43274590391530776,0.9495952380952382,0.9495952380952382,Llama 2 7B -> Tulu All & Safety 80%
llama_2_7b-tulu_all-safety_upsample,llama_2_7b,tulu_all,1.0,safety_upsample,1.0,N/A,0.44074074074074077,0.40833333333333327,0.20396341463414633,0.39631482973720383,0.315,0.055,0.49017234012248967,0.49715140293405496,0.15671428571428572,0.5397796817625459,0.4763318105989364,0.11903841434333964,0.7182835820895522,21.5,43.99999824000007,0.0,0.8432857142857143,1.0,0.43999998240000066,0.785,0.29677299469648816,0.4426199121945596,0.876095238095238,0.876095238095238,Llama 2 7B -> Tulu All & Safety Upsample
llama_2_7b-tulu_all-safety_100,llama_2_7b,tulu_all,1.0,safety_100,1.0,N/A,0.4407407407407408,0.38518518518518513,0.21615853658536582,0.35061701682746765,0.34,0.065,0.4924512177752457,0.5083321464178892,0.038714285714285715,0.5055079559363526,0.4954904199157806,0.1190258903098123,0.6998754669987547,14.0,35.59999857600006,0.4999999800000008,0.9612857142857143,0.9950000002,0.35599998576000064,0.86,0.3003389841526902,0.42582961956508397,0.9387619048285715,0.9387619048285715,Llama 2 7B -> Tulu All & Safety 100%
llama_2_7b-tulu_all-safety_60,llama_2_7b,tulu_all,1.0,safety_60,1.0,N/A,0.4148148148148149,0.39722222222222225,0.2426829268292683,0.37687250923960885,0.355,0.07,0.49480131035465036,0.5079048568579975,0.01042857142857143,0.5165238678090576,0.4930156390194893,0.12897149329979063,0.722636815920398,12.0,41.199998352000065,0.0,0.9895714285714285,1.0,0.41199998352000067,0.88,0.3091143926778794,0.43757544639394597,0.9565238095238096,0.9565238095238096,Llama 2 7B -> Tulu All & Safety 60%
tulu_2_7b_uncensored-tulu_match-safety_60,tulu_2_7b_uncensored,tulu_match,1.0,safety_60,1.0,N/A,0.4287037037037037,0.362037037037037,0.1856707317073171,0.36983646592024605,0.26,0.04,0.47058823529411764,0.4908132744623273,0.015285714285714286,0.5299877600979193,0.4631207832827468,0.10609129222073188,0.6666666666666665,7.0,26.799998928000036,0.0,0.9847142857142858,1.0,0.26799998928000035,0.9299999999999999,0.2792376016482901,0.39860527679696195,0.9715714285714285,0.9715714285714285,Tulu 2 7B Uncensored -> Tulu Match & Safety 60%
llama_2_7b-tulu_all-safety_40,llama_2_7b,tulu_all,1.0,safety_40,1.0,N/A,0.4083333333333332,0.38425925925925913,0.2192073170731707,0.36966871005608454,0.365,0.055,0.4974362626406495,0.5040592508189716,0.007857142857142858,0.5128518971848225,0.45010465257594684,0.11108053291702386,0.7126865671641791,11.5,47.999998080000076,0.0,0.9921428571428571,1.0,0.4799999808000008,0.885,0.29627760181456614,0.4404849766558339,0.959047619047619,0.959047619047619,Llama 2 7B -> Tulu All & Safety 40%
llama_2_7b-tulu_all-safety_20,llama_2_7b,tulu_all,1.0,safety_20,1.0,N/A,0.4370370370370371,0.38240740740740736,0.21006097560975606,0.35916573421292897,0.305,0.075,0.4927360774818402,0.4955134596211366,0.005,0.5238678090575275,0.4683237959379158,0.12056211799238035,0.7188279301745637,14.25,57.99999768000009,1.4999999400000024,0.995,0.9850000005999999,0.5799999768000009,0.8575,0.2965095700419695,0.4523043472181786,0.9458333335333333,0.9458333335333333,Llama 2 7B -> Tulu All & Safety 20%
tulu_2_7b_uncensored-tulu_match-safety_80,tulu_2_7b_uncensored,tulu_match,1.0,safety_80,1.0,N/A,0.4194444444444445,0.3861111111111111,0.1942073170731707,0.3563319373369966,0.275,0.04,0.4807007548782225,0.4860418743768694,0.022714285714285715,0.5336597307221542,0.46393090228191974,0.10970187910626224,0.6527950310559006,13.75,19.599999216000032,0.0,0.9772857142857143,1.0,0.19599999216000033,0.8625,0.2836840093407138,0.3892953945462483,0.946595238095238,0.946595238095238,Tulu 2 7B Uncensored -> Tulu Match & Safety 80%
tulu_2_7b_uncensored-tulu_none-safety_20,tulu_2_7b_uncensored,tulu_none,0.0,safety_20,1.0,N/A,0.37129629629629624,0.31111111111111106,0.17591463414634145,0.32282799225240516,0.17,0.015,0.4572710440108247,0.47984617575843896,0.0,0.3390452876376989,0.3166272805562398,0.0792611760284793,0.037359900373599,0.0,6.399999744000009,0.0,1.0,1.0,0.0639999974400001,1.0,0.2568298788004683,0.29158112831335214,1.0,1.0,Tulu 2 7B Uncensored -> Tulu None & Safety 20%
tulu_2_7b_uncensored-tulu_match-safety_20,tulu_2_7b_uncensored,tulu_match,1.0,safety_20,1.0,N/A,0.4416666666666667,0.3907407407407408,0.20121951219512196,0.35167516920140945,0.285,0.045,0.48369178179746475,0.48483122062384276,0.00014285714285714287,0.49571603427172584,0.45411853726459833,0.11676619757393514,0.6843088418430884,8.0,34.39999862400005,0.0,0.9998571428571429,1.0,0.3439999862400005,0.92,0.28723148195958054,0.4079811679202665,0.9732857142857143,0.9732857142857143,Tulu 2 7B Uncensored -> Tulu Match & Safety 20%
tulu_2_7b_uncensored-tulu_match-safety_40,tulu_2_7b_uncensored,tulu_match,1.0,safety_40,1.0,N/A,0.40370370370370373,0.3675925925925925,0.2173780487804878,0.3595037541934016,0.27,0.065,0.48540094003703177,0.48924654607605755,0.004571428571428572,0.5177478580171359,0.45569643142293303,0.12130937584047134,0.679726368159204,9.5,25.599998976000037,0.0,0.9954285714285714,1.0,0.2559999897600004,0.905,0.2916288515609444,0.3925789538763152,0.9668095238095238,0.9668095238095238,Tulu 2 7B Uncensored -> Tulu Match & Safety 40%
tulu_2_7b_uncensored-tulu_match-safety_100,tulu_2_7b_uncensored,tulu_match,1.0,safety_100,1.0,N/A,0.4166666666666667,0.36574074074074076,0.18079268292682926,0.3536022329252715,0.335,0.055,0.4900299102691924,0.5002848597065945,0.012,0.5287637698898409,0.459993662143383,0.12381554132536111,0.6819875776397517,13.25,27.99999888000005,0.0,0.988,1.0,0.2799999888000005,0.8674999999999999,0.2876531140676867,0.40915089009919364,0.9518333333333334,0.9518333333333334,Tulu 2 7B Uncensored -> Tulu Match & Safety 100%
tulu_2_7b_uncensored-tulu_none-safety_40,tulu_2_7b_uncensored,tulu_none,0.0,safety_40,1.0,N/A,0.34074074074074073,0.3203703703703703,0.16219512195121952,0.3350349623946996,0.215,0.05,0.4562740350377439,0.4738641219199544,0.0,0.3574051407588739,0.2888778280515061,0.06811208485372998,0.04720496894409938,0.0,12.399999504000021,0.0,1.0,1.0,0.12399999504000021,1.0,0.2580676368358715,0.3024761002890806,1.0,1.0,Tulu 2 7B Uncensored -> Tulu None & Safety 40%
tulu_2_7b_uncensored-tulu_none-safety_60,tulu_2_7b_uncensored,tulu_none,0.0,safety_60,1.0,N/A,0.3296296296296297,0.3333333333333333,0.14908536585365853,0.3079837599914244,0.245,0.06,0.44908132744623275,0.4696624412476855,0.0,0.40269277845777235,0.3037971869493967,0.07179110557140003,0.049689440993788817,0.0,10.799999568000015,0.0,1.0,1.0,0.10799999568000014,1.0,0.2589224478756272,0.3065978111649223,1.0,1.0,Tulu 2 7B Uncensored -> Tulu None & Safety 60%
tulu_2_7b_uncensored-tulu_none-safety_upsample,tulu_2_7b_uncensored,tulu_none,0.0,safety_upsample,1.0,N/A,0.2712962962962963,0.3435185185185186,0.14542682926829267,0.25409142130240064,0.175,0.07,0.4247258225324028,0.4436689930209372,0.0,0.3990208078335373,0.31081229179128955,0.06929440223494421,0.0422360248447205,0.0,7.599999696000012,0.0,1.0,1.0,0.07599999696000012,1.0,0.25259628934393835,0.2729923766737038,1.0,1.0,Tulu 2 7B Uncensored -> Tulu None & Safety Upsample
tulu_2_7b_uncensored-tulu_none-safety_80,tulu_2_7b_uncensored,tulu_none,0.0,safety_80,1.0,N/A,0.3611111111111111,0.3333333333333333,0.1804878048780488,0.32334528625493664,0.23,0.035,0.46118786497649905,0.4824811280444381,0.0,0.397796817625459,0.3259734279170693,0.06871083262442174,0.04658385093167702,0.0,13.199999472000021,0.0,1.0,1.0,0.1319999947200002,1.0,0.26374903782077996,0.31877350037215363,1.0,1.0,Tulu 2 7B Uncensored -> Tulu None & Safety 80%
linear_weighted-llama_2_7b-tulu_all_0.5-safety_20_0.5,llama_2_7b,tulu_all,0.5,safety_20,0.5,linear_weighted,0.4287037037037036,0.3842592592592592,0.19329268292682927,0.3310249602772067,0.255,0.055,0.47087309500071217,0.4863267340834639,0.0,0.5287637698898409,0.36443391852096474,0.10028636383019876,0.21801242236024845,1.0,39.99999840000006,0.0,1.0,1.0,0.3999999840000006,0.99,0.2842486290305358,0.3969713473417755,0.9966666666666667,0.9966666666666667,"Llama 2 7B -> Tulu All merged with Safety 20%, linear_weighted"
linear_weighted-llama_2_7b-tulu_all_0.4-safety_20_0.6,llama_2_7b,tulu_all,0.4,safety_20,0.6,linear_weighted,0.3944444444444444,0.36296296296296293,0.19390243902439025,0.3179433032043845,0.205,0.05,0.46047571571001283,0.4760717846460618,0.0,0.423500611995104,0.3350766540339313,0.09065827035502796,0.12732919254658384,0.0,33.19999867200005,0.0,1.0,1.0,0.3319999867200005,1.0,0.2749445402724175,0.3526343880154111,1.0,1.0,"Llama 2 7B -> Tulu All merged with Safety 20%, linear_weighted"
linear_weighted-llama_2_7b-tulu_all_0.1-safety_20_0.9,llama_2_7b,tulu_all,0.1,safety_20,0.9,linear_weighted,0.21388888888888893,0.2435185185185185,0.13384146341463415,0.22806820624063695,0.1,0.015,0.39196695627403505,0.4065660162370033,0.0,0.36107711138310894,0.27646263382834024,0.07607291040863966,0.04596273291925466,0.0,8.399999664000013,0.0,1.0,1.0,0.08399999664000013,1.0,0.2135941541359665,0.23649482760785862,1.0,1.0,"Llama 2 7B -> Tulu All merged with Safety 20%, linear_weighted"
linear_weighted-llama_2_7b-tulu_all_0.3-safety_20_0.7,llama_2_7b,tulu_all,0.3,safety_20,0.7,linear_weighted,0.324074074074074,0.33703703703703713,0.1670731707317073,0.27194803139169976,0.185,0.06,0.4428856288278023,0.4584104828372027,0.0,0.41615667074663404,0.31327881446746547,0.08718766536527965,0.08509316770186336,0.0,21.999999120000034,0.0,1.0,1.0,0.21999999120000033,1.0,0.2613531398014049,0.31047760152966797,1.0,1.0,"Llama 2 7B -> Tulu All merged with Safety 20%, linear_weighted"
linear_weighted-llama_2_7b-tulu_all_0.2-safety_20_0.8,llama_2_7b,tulu_all,0.2,safety_20,0.8,linear_weighted,0.27870370370370373,0.27314814814814814,0.15457317073170732,0.25377478747183496,0.145,0.02,0.4188861985472155,0.4398233869819114,0.0,0.3769889840881273,0.29469861386595103,0.08047425102828827,0.05721393034825871,0.0,13.999999440000021,0.0,1.0,1.0,0.13999999440000022,1.0,0.23464039064532774,0.2725788974395475,1.0,1.0,"Llama 2 7B -> Tulu All merged with Safety 20%, linear_weighted"
linear_weighted-llama_2_7b-tulu_all_0.6-safety_20_0.4,llama_2_7b,tulu_all,0.6,safety_20,0.4,linear_weighted,0.42314814814814816,0.40370370370370373,0.20426829268292682,0.34873213134369974,0.275,0.07,0.4779945876655747,0.4891041162227603,0.0,0.5960832313341493,0.3929318172249725,0.11055623980237357,0.3911691542288558,2.5,57.599997696000095,0.9999999600000016,1.0,0.9900000004,0.5759999769600009,0.975,0.29445607810575414,0.441412841810935,0.9883333334666666,0.9883333334666666,"Llama 2 7B -> Tulu All merged with Safety 20%, linear_weighted"
linear_weighted-llama_2_7b-tulu_all_0.8-safety_20_0.2,llama_2_7b,tulu_all,0.8,safety_20,0.2,linear_weighted,0.4759259259259259,0.4074074074074075,0.2253048780487805,0.3707470274571762,0.315,0.07,0.48846318188292265,0.5041304657456203,0.0008571428571428571,0.5826193390452876,0.4385819497814984,0.12165683301303089,0.6648009950248757,26.5,88.79999644800016,5.499999780000008,0.9991428571428571,0.9450000021999999,0.8879999644800016,0.735,0.3054383416600766,0.508476769796116,0.8930476197809524,0.8930476197809524,"Llama 2 7B -> Tulu All merged with Safety 20%, linear_weighted"
linear_weighted-llama_2_7b-tulu_all_0.7-safety_20_0.3,llama_2_7b,tulu_all,0.7,safety_20,0.3,linear_weighted,0.4157407407407408,0.38611111111111107,0.21798780487804878,0.34884487067715947,0.29,0.065,0.48290841760432984,0.4969377581541091,0.00014285714285714287,0.6034271725826194,0.4158198416117381,0.11788832251798674,0.5627329192546584,12.25,73.99999704000011,0.9999999600000016,0.9998571428571429,0.9900000004,0.7399999704000011,0.8775,0.29681045913589416,0.47096300194522694,0.9557857144190477,0.9557857144190477,"Llama 2 7B -> Tulu All merged with Safety 20%, linear_weighted"
linear_weighted-llama_2_7b-tulu_all_0.8-safety_60_0.2,llama_2_7b,tulu_all,0.8,safety_60,0.2,linear_weighted,0.4166666666666665,0.38518518518518513,0.21981707317073168,0.3922804711712059,0.3,0.07,0.48276598775103263,0.5024213075060533,0.005142857142857143,0.5703794369645043,0.4382613508988365,0.121489244234958,0.6288916562889165,24.5,87.99999648000012,3.4999998600000053,0.9948571428571429,0.9650000014,0.8799999648000012,0.755,0.3002223529338302,0.49719341117889243,0.9049523814190477,0.9049523814190477,"Llama 2 7B -> Tulu All merged with Safety 60%, linear_weighted"
linear_weighted-llama_2_7b-tulu_all_0.2-safety_60_0.8,llama_2_7b,tulu_all,0.2,safety_60,0.8,linear_weighted,0.2277777777777778,0.30092592592592593,0.12713414634146342,0.24821131918749528,0.14,0.035,0.4102691924227318,0.4135450790485686,0.0,0.41370869033047736,0.2628756922006173,0.06522874444952048,0.06521739130434782,0.0,16.399999344000026,0.4999999800000008,1.0,0.9950000002,0.16399999344000027,1.0,0.22589649580234117,0.26669180933701425,0.9983333334000001,0.9983333334000001,"Llama 2 7B -> Tulu All merged with Safety 60%, linear_weighted"
linear_weighted-llama_2_7b-tulu_all_0.9-safety_20_0.1,llama_2_7b,tulu_all,0.9,safety_20,0.1,linear_weighted,0.45740740740740754,0.386111111111111,0.2140243902439024,0.3961297141279019,0.355,0.09,0.4910981341689218,0.503418316479134,0.13214285714285715,0.5238678090575275,0.46014814515089625,0.12419406540829833,0.7044887780548629,43.0,97.19999611200016,13.49999946000002,0.8678571428571429,0.8650000053999998,0.9719999611200016,0.5700000000000001,0.3035276999535967,0.5222358815760938,0.7676190494190477,0.7676190494190477,"Llama 2 7B -> Tulu All merged with Safety 20%, linear_weighted"
linear_weighted-llama_2_7b-tulu_all_0.4-safety_60_0.6,llama_2_7b,tulu_all,0.4,safety_60,0.6,linear_weighted,0.3333333333333333,0.36388888888888893,0.1542682926829268,0.29389616179335276,0.195,0.05,0.4476570289132602,0.46161515453639085,0.0,0.47613219094247244,0.3383395462958279,0.08665394845689649,0.125,0.0,33.99999864000006,0.4999999800000008,1.0,0.9950000002,0.33999998640000056,1.0,0.26300690651691566,0.34633689252546385,0.9983333334000001,0.9983333334000001,"Llama 2 7B -> Tulu All merged with Safety 60%, linear_weighted"
linear_weighted-llama_2_7b-tulu_all_0.5-safety_60_0.5,llama_2_7b,tulu_all,0.5,safety_60,0.5,linear_weighted,0.3981481481481481,0.37222222222222223,0.16615853658536586,0.3324728158272295,0.215,0.055,0.45805440820395954,0.4777097279589802,0.0,0.5128518971848225,0.37353899880448177,0.10012095162636768,0.19503105590062111,0.75,41.99999832000007,0.9999999600000016,1.0,0.9900000004,0.41999998320000065,0.9925,0.274820194391986,0.38715232162409174,0.9941666668,0.9941666668,"Llama 2 7B -> Tulu All merged with Safety 60%, linear_weighted"
linear_weighted-llama_2_7b-tulu_all_0.1-safety_60_0.9,llama_2_7b,tulu_all,0.1,safety_60,0.9,linear_weighted,0.13148148148148148,0.30462962962962964,0.1198170731707317,0.1895130373666204,0.1,0.02,0.3762284574846888,0.3792906993305797,0.0,0.408812729498164,0.23921767749919703,0.058054765345300526,0.04477611940298507,0.0,11.199999552000017,0.0,1.0,1.0,0.11199999552000017,1.0,0.2101804778011369,0.22246476840716453,1.0,1.0,"Llama 2 7B -> Tulu All merged with Safety 60%, linear_weighted"
linear_weighted-llama_2_7b-tulu_all_0.7-safety_60_0.3,llama_2_7b,tulu_all,0.7,safety_60,0.3,linear_weighted,0.412962962962963,0.3907407407407407,0.20060975609756096,0.37389049446362743,0.265,0.07,0.4777097279589802,0.49458766557470446,0.0,0.594859241126071,0.42044841202838107,0.11754251778155894,0.5111940298507462,9.75,76.39999694400012,1.9999999200000032,1.0,0.9800000007999999,0.7639999694400013,0.9025,0.2946780576282116,0.472695829711432,0.9608333336,0.9608333336,"Llama 2 7B -> Tulu All merged with Safety 60%, linear_weighted"
linear_weighted-llama_2_7b-tulu_all_0.6-safety_100_0.4,llama_2_7b,tulu_all,0.6,safety_100,0.4,linear_weighted,0.4074074074074074,0.3694444444444444,0.20121951219512196,0.3462158923912303,0.21,0.065,0.4662441247685515,0.48589944452357214,0.0,0.5716034271725826,0.41271922049389204,0.11284754602685011,0.31343283582089554,2.75,53.99999784000009,0.9999999600000016,1.0,0.9900000004,0.5399999784000009,0.9725,0.2867183986189268,0.42202715009052355,0.9875000001333335,0.9875000001333335,"Llama 2 7B -> Tulu All merged with Safety 100%, linear_weighted"
linear_weighted-llama_2_7b-tulu_all_0.3-safety_60_0.7,llama_2_7b,tulu_all,0.3,safety_60,0.7,linear_weighted,0.3166666666666667,0.324074074074074,0.13658536585365855,0.26215512193009743,0.2,0.045,0.43355647343683235,0.44331291838769404,0.0,0.44920440636474906,0.29601852561831604,0.0777683594001331,0.0875776397515528,0.0,27.999998880000042,0.4999999800000008,1.0,0.9950000002,0.27999998880000043,1.0,0.24500893935054227,0.3196573118309517,0.9983333334000001,0.9983333334000001,"Llama 2 7B -> Tulu All merged with Safety 60%, linear_weighted"
linear_weighted-llama_2_7b-tulu_all_0.6-safety_60_0.4,llama_2_7b,tulu_all,0.6,safety_60,0.4,linear_weighted,0.37314814814814806,0.3712962962962963,0.17530487804878048,0.3520727931737521,0.215,0.07,0.468807862127902,0.49031476997578693,0.0,0.5899632802937577,0.39719651170441383,0.11029568501159938,0.2970112079701121,2.75,53.599997856000094,0.4999999800000008,1.0,0.9950000002,0.5359999785600009,0.9725,0.2845877332180417,0.4188840820011392,0.9891666667333334,0.9891666667333334,"Llama 2 7B -> Tulu All merged with Safety 60%, linear_weighted"
linear_weighted-llama_2_7b-tulu_all_0.2-safety_100_0.8,llama_2_7b,tulu_all,0.2,safety_100,0.8,linear_weighted,0.24999999999999997,0.3101851851851852,0.1423780487804878,0.25336746052407155,0.145,0.06,0.4104828372026777,0.41603760148127045,0.0,0.4320685434516524,0.2471321053603122,0.05755438425870724,0.055279503105590065,0.0,16.399999344000022,0.0,1.0,1.0,0.1639999934400002,1.0,0.2336988035311535,0.271721562854102,1.0,1.0,"Llama 2 7B -> Tulu All merged with Safety 100%, linear_weighted"
linear_weighted-llama_2_7b-tulu_all_0.1-safety_100_0.9,llama_2_7b,tulu_all,0.1,safety_100,0.9,linear_weighted,0.1666666666666667,0.287962962962963,0.12682926829268293,0.22052245968182685,0.11,0.055,0.3907563025210084,0.39089873237430567,0.0,0.401468788249694,0.20908299355518659,0.04897318242382554,0.048507462686567165,0.0,11.199999552000017,0.0,1.0,1.0,0.11199999552000017,1.0,0.2167604797380138,0.23007102945634042,1.0,1.0,"Llama 2 7B -> Tulu All merged with Safety 100%, linear_weighted"
linear_weighted-llama_2_7b-tulu_all_0.9-safety_60_0.1,llama_2_7b,tulu_all,0.9,safety_60,0.1,linear_weighted,0.47314814814814815,0.40092592592592596,0.2149390243902439,0.36584273443840765,0.335,0.09,0.4910269192422732,0.5042016806722689,0.174,0.5312117503059975,0.4615569022781471,0.12786631931247958,0.7083333333333335,42.5,97.59999609600017,13.999999440000021,0.8260000000000001,0.8600000055999998,0.9759999609600016,0.575,0.3070224384955312,0.5191123450532822,0.7536666685333332,0.7536666685333332,"Llama 2 7B -> Tulu All merged with Safety 60%, linear_weighted"
linear_weighted-llama_2_7b-tulu_all_0.5-safety_100_0.5,llama_2_7b,tulu_all,0.5,safety_100,0.5,linear_weighted,0.38796296296296295,0.3805555555555555,0.17682926829268292,0.3203444595878335,0.195,0.065,0.453781512605042,0.47756729810568294,0.0,0.5079559363525091,0.3791861986218075,0.10144216060646995,0.17763975155279504,0.5,41.19999835200006,0.4999999800000008,1.0,0.9950000002,0.41199998352000056,0.995,0.27982693011101234,0.37946157909287936,0.9966666667333334,0.9966666667333334,"Llama 2 7B -> Tulu All merged with Safety 100%, linear_weighted"
linear_weighted-llama_2_7b-tulu_all_0.3-safety_100_0.7,llama_2_7b,tulu_all,0.3,safety_100,0.7,linear_weighted,0.32314814814814813,0.3250000000000001,0.15365853658536588,0.2784536123847458,0.18,0.055,0.42771684945164506,0.4401082466885059,0.0,0.44063647490820074,0.2925009774685124,0.06855114798978913,0.084472049689441,0.0,23.199999072000033,0.4999999800000008,1.0,0.9950000002,0.23199999072000033,1.0,0.2470710296586945,0.3106365790116075,0.9983333334000001,0.9983333334000001,"Llama 2 7B -> Tulu All merged with Safety 100%, linear_weighted"
linear_weighted-llama_2_7b-tulu_all_0.4-safety_100_0.6,llama_2_7b,tulu_all,0.4,safety_100,0.6,linear_weighted,0.36481481481481476,0.3638888888888889,0.17286585365853657,0.30757501390099745,0.215,0.06,0.4433841333143427,0.46161515453639085,0.0,0.4589963280293758,0.33527150170376724,0.0821889944665263,0.11753731343283583,0.0,31.599998736000046,0.0,1.0,1.0,0.31599998736000046,1.0,0.26702900768112225,0.3487202541604712,1.0,1.0,"Llama 2 7B -> Tulu All merged with Safety 100%, linear_weighted"
linear_weighted-llama_2_7b-tulu_all_0.7-safety_100_0.3,llama_2_7b,tulu_all,0.7,safety_100,0.3,linear_weighted,0.4175925925925926,0.4055555555555556,0.21006097560975612,0.35348388302779304,0.29,0.07,0.471656459193847,0.49430280586810993,0.0,0.5973072215422277,0.43111224586984137,0.12262822371348328,0.48074534161490684,9.75,72.39999710400011,1.9999999200000032,1.0,0.9800000007999999,0.723999971040001,0.9025,0.2994750611025025,0.4693074818951861,0.9608333336,0.9608333336,"Llama 2 7B -> Tulu All merged with Safety 100%, linear_weighted"
tulu_2_7b_uncensored-tulu_none-safety_100,tulu_2_7b_uncensored,tulu_none,0.0,safety_100,1.0,N/A,0.3861111111111111,0.3277777777777778,0.18902439024390247,0.3359263490040127,0.245,0.055,0.45328300811850164,0.4789915966386555,0.0,0.3929008567931457,0.30025572859328625,0.06398780911243501,0.05031055900621118,0.0,13.599999456000022,0.0,1.0,1.0,0.13599999456000023,1.0,0.2656288617352377,0.32135386402572247,1.0,1.0,Tulu 2 7B Uncensored -> Tulu None & Safety 100%
linear_weighted-llama_2_7b-tulu_all_0.8-safety_100_0.2,llama_2_7b,tulu_all,0.8,safety_100,0.2,linear_weighted,0.41481481481481497,0.3953703703703703,0.22317073170731708,0.36661527610047584,0.305,0.06,0.4829796325309785,0.5033471015524854,0.005571428571428572,0.5801713586291309,0.4457545876841107,0.12345350389478689,0.6239103362391034,25.5,91.19999635200014,4.499999820000007,0.9944285714285714,0.9550000017999999,0.9119999635200015,0.745,0.30144813484624083,0.5010479476113588,0.8981428577428571,0.8981428577428571,"Llama 2 7B -> Tulu All merged with Safety 100%, linear_weighted"
linear_weighted-llama_2_7b-tulu_all_0.9-safety_100_0.1,llama_2_7b,tulu_all,0.9,safety_100,0.1,linear_weighted,0.4175925925925926,0.4046296296296296,0.21432926829268295,0.3685564322410204,0.355,0.08,0.4888904714428144,0.5059820538384845,0.18557142857142858,0.5312117503059975,0.46750035801584383,0.13020368476926078,0.697139303482587,40.75,97.19999611200016,12.499999500000019,0.8144285714285714,0.8750000049999997,0.9719999611200016,0.5925,0.30685444839475706,0.5143930808168957,0.7606428588095238,0.7606428588095238,"Llama 2 7B -> Tulu All merged with Safety 100%, linear_weighted"
llama_2_7b-tulu_upsample-safety_none,llama_2_7b,tulu_upsample,1.0,safety_none,1.0,N/A,0.4351851851851852,0.3962962962962963,0.2064024390243902,0.3734240255704426,0.32,0.035,0.4957271044010825,0.5029910269192422,0.5372857142857143,0.4969400244798042,0.43696152910790587,0.11539635752044328,0.7475124378109453,58.5,98.79999604800017,33.99999864000005,0.46271428571428574,0.6600000135999995,0.9879999604800017,0.41500000000000004,0.2931795244466024,0.5066054041749174,0.5125714331047617,0.5125714331047617,Llama 2 7B -> Tulu Upsample & Safety None
llama_2_7b-tulu_none-safety_v0_100,llama_2_7b,tulu_none,0.0,safety_v0_100,1.0,N/A,0.35648148148148145,0.3111111111111111,0.12896341463414634,0.24857465271268792,0.155,0.03,0.4137587238285145,0.4147557328015952,0.0,0.408812729498164,0.23896815062595636,0.052084578827345206,0.12546583850931678,0.0,16.79999932800003,0.4999999800000008,1.0,0.9950000002,0.16799999328000031,1.0,0.22527842836263215,0.28422796163240066,0.9983333334000001,0.9983333334000001,Llama 2 7B -> Tulu None & Safety V0 100%
llama_2_7b-tulu_none-safety_10,llama_2_7b,tulu_none,0.0,safety_10,1.0,N/A,0.19351851851851862,0.2824074074074074,0.12469512195121948,0.21330602022760142,0.13,0.03,0.36654322746047574,0.40037031761857284,0.0,0.31946144430844553,0.2206304938635437,0.045614909275334944,0.034782608695652174,0.0,5.199999792000008,0.0,1.0,1.0,0.051999997920000075,1.0,0.2139096789785179,0.2136371003283693,1.0,1.0,Llama 2 7B -> Tulu None & Safety 10%
linear_weighted-llama_2_7b-tulu_all_0.9-safety_v0_100_0.1,llama_2_7b,tulu_all,0.9,safety_v0_100,0.1,linear_weighted,0.4361111111111111,0.4074074074074074,0.20823170731707316,0.3613882436373564,0.345,0.07,0.48981626548924656,0.502848597065945,0.137,0.5287637698898409,0.465826909591354,0.127502673441593,0.7418952618453865,43.75,97.59999609600015,17.99999928000003,0.863,0.8200000071999998,0.9759999609600015,0.5625,0.30313983038299397,0.5147008943827015,0.7485000023999998,0.7485000023999998,"Llama 2 7B -> Tulu All merged with Safety V0 100%, linear_weighted"
linear_weighted-llama_2_7b-tulu_all_0.8-safety_v0_100_0.2,llama_2_7b,tulu_all,0.8,safety_v0_100,0.2,linear_weighted,0.4518518518518519,0.4064814814814816,0.21768292682926826,0.38719036947346247,0.36,0.085,0.48960262070930066,0.5064093433983763,0.00028571428571428574,0.5667074663402693,0.4401854892311534,0.12201468893186455,0.7422166874221667,31.75,90.39999638400016,11.499999540000017,0.9997142857142857,0.8850000045999998,0.9039999638400016,0.6825,0.3073329640065611,0.514219680206577,0.8557380967714284,0.8557380967714284,"Llama 2 7B -> Tulu All merged with Safety V0 100%, linear_weighted"
linear_weighted-llama_2_7b-tulu_all_0.6-safety_v0_100_0.4,llama_2_7b,tulu_all,0.6,safety_v0_100,0.4,linear_weighted,0.4712962962962963,0.39166666666666666,0.19542682926829272,0.3753956107699595,0.295,0.055,0.481555333998006,0.49344822674832645,0.0,0.6193390452876377,0.40233745324402626,0.11131814438722082,0.6405472636815921,4.25,71.59999713600011,1.9999999200000032,1.0,0.9800000007999999,0.7159999713600012,0.9575,0.2900513489698055,0.4801319587079895,0.9791666669333333,0.9791666669333333,"Llama 2 7B -> Tulu All merged with Safety V0 100%, linear_weighted"
linear_weighted-llama_2_7b-tulu_all_0.4-safety_v0_100_0.6,llama_2_7b,tulu_all,0.4,safety_v0_100,0.6,linear_weighted,0.4342592592592593,0.36759259259259264,0.1719512195121951,0.3581089679783329,0.23,0.05,0.46987608602763137,0.47429141147984616,0.0,0.5556915544675642,0.3504229505898701,0.10068482587950467,0.25093167701863356,0.0,34.79999860800006,0.4999999800000008,1.0,0.9950000002,0.3479999860800006,1.0,0.27313524349066415,0.39233697205752266,0.9983333334000001,0.9983333334000001,"Llama 2 7B -> Tulu All merged with Safety V0 100%, linear_weighted"
linear_weighted-llama_2_7b-tulu_all_0.7-safety_v0_100_0.3,llama_2_7b,tulu_all,0.7,safety_v0_100,0.3,linear_weighted,0.4842592592592593,0.4000000000000001,0.20365853658536584,0.35524784435529727,0.275,0.08,0.48476000569719413,0.49900299102691925,0.0,0.572827417380661,0.4296511140026598,0.11729411423506482,0.7198007471980074,17.5,82.39999670400012,3.9999998400000063,1.0,0.9600000016,0.8239999670400011,0.825,0.2998264388123782,0.4893922296764389,0.9283333338666666,0.9283333338666666,"Llama 2 7B -> Tulu All merged with Safety V0 100%, linear_weighted"
linear_weighted-llama_2_7b-tulu_all_0.5-safety_v0_100_0.5,llama_2_7b,tulu_all,0.5,safety_v0_100,0.5,linear_weighted,0.45185185185185184,0.3898148148148149,0.17682926829268292,0.37045220881964824,0.25,0.055,0.4752884204529269,0.48390542657741065,0.0,0.5899632802937577,0.37700094470232415,0.10691293621655241,0.42546583850931685,0.0,54.39999782400008,0.4999999800000008,1.0,0.9950000002,0.5439999782400008,1.0,0.28272797874647854,0.43693666919435853,0.9983333334000001,0.9983333334000001,"Llama 2 7B -> Tulu All merged with Safety V0 100%, linear_weighted"
linear_weighted-llama_2_7b-tulu_all_0.2-safety_v0_100_0.8,llama_2_7b,tulu_all,0.2,safety_v0_100,0.8,linear_weighted,0.3916666666666667,0.3324074074074074,0.15121951219512195,0.31125115445605517,0.18,0.03,0.45050562597920524,0.4564876798176898,0.0,0.46266829865361075,0.31195824966955604,0.07249250121654228,0.15279503105590062,0.0,24.799999008000036,0.0,1.0,1.0,0.24799999008000037,1.0,0.24984913007574186,0.33657856935787056,1.0,1.0,"Llama 2 7B -> Tulu All merged with Safety V0 100%, linear_weighted"
linear_weighted-llama_2_7b-tulu_all_0.3-safety_v0_100_0.7,llama_2_7b,tulu_all,0.3,safety_v0_100,0.7,linear_weighted,0.38333333333333336,0.3435185185185186,0.17439024390243904,0.3077169281673548,0.23,0.045,0.46254094858282296,0.4662441247685515,0.0,0.5177478580171359,0.3304233203629344,0.09119870964461939,0.19130434782608696,0.0,27.599998896000045,0.0,1.0,1.0,0.27599998896000044,1.0,0.2644326202671133,0.35825176820336885,1.0,1.0,"Llama 2 7B -> Tulu All merged with Safety V0 100%, linear_weighted"
linear_weighted-llama_2_7b-tulu_all_0.1-safety_v0_100_0.9,llama_2_7b,tulu_all,0.1,safety_v0_100,0.9,linear_weighted,0.37037037037037035,0.32500000000000007,0.1454268292682927,0.2867642438359043,0.15,0.04,0.43911123771542515,0.43761572425580403,0.0,0.4320685434516524,0.2840294187853841,0.05912378158355115,0.14054726368159204,0.0,21.199999152000032,0.4999999800000008,1.0,0.9950000002,0.21199999152000032,1.0,0.2407970098939087,0.310620543668391,0.9983333334000001,0.9983333334000001,"Llama 2 7B -> Tulu All merged with Safety V0 100%, linear_weighted"
linear_weighted-llama_2_7b-tulu_all_0.9-safety_10_0.1,llama_2_7b,tulu_all,0.9,safety_10,0.1,linear_weighted,0.4324074074074074,0.3888888888888889,0.2073170731707317,0.36907270314070134,0.345,0.075,0.4919527132887053,0.5033471015524854,0.10057142857142858,0.5348837209302325,0.4603402973877394,0.12790057236598795,0.6871890547263682,42.5,97.19999611200016,14.499999420000023,0.8994285714285715,0.8550000057999998,0.9719999611200016,0.575,0.3009667895884299,0.5150938290392554,0.7764761924095237,0.7764761924095237,"Llama 2 7B -> Tulu All merged with Safety 10%, linear_weighted"
linear_weighted-llama_2_7b-tulu_all_0.8-safety_10_0.2,llama_2_7b,tulu_all,0.8,safety_10,0.2,linear_weighted,0.4638888888888888,0.4018518518518519,0.21920731707317076,0.3870055508940203,0.3,0.08,0.4894601908560034,0.5033471015524854,0.0,0.5899632802937577,0.43587687600237884,0.1225028500992557,0.6604477611940298,26.5,86.79999652800014,7.999999680000013,1.0,0.9200000031999999,0.8679999652800013,0.735,0.3050427036882082,0.50488496460215,0.8850000010666665,0.8850000010666665,"Llama 2 7B -> Tulu All merged with Safety 10%, linear_weighted"
linear_weighted-llama_2_7b-tulu_all_0.6-safety_10_0.4,llama_2_7b,tulu_all,0.6,safety_10,0.4,linear_weighted,0.4462962962962962,0.3648148148148148,0.19786585365853657,0.3625358350024211,0.27,0.08,0.4784218772254665,0.4900299102691924,0.00028571428571428574,0.5777233782129743,0.38681905060172966,0.10685152964323139,0.35838509316770184,2.5,58.799997648000094,0.9999999600000016,0.9997142857142857,0.9900000004,0.5879999764800009,0.975,0.2882653364424946,0.44425663054555553,0.9882380953714286,0.9882380953714286,"Llama 2 7B -> Tulu All merged with Safety 10%, linear_weighted"
linear_weighted-llama_2_7b-tulu_all_0.7-safety_10_0.3,llama_2_7b,tulu_all,0.7,safety_10,0.3,linear_weighted,0.41851851851851857,0.3694444444444444,0.21250000000000002,0.35526708528955,0.3,0.075,0.48497365047714003,0.4985757014670275,0.00028571428571428574,0.598531211750306,0.4139845094645625,0.11587253295768683,0.5708955223880597,12.5,73.19999707200012,1.9999999200000032,0.9997142857142857,0.9800000007999999,0.7319999707200011,0.875,0.294994730056031,0.47189642088858264,0.9515714288380952,0.9515714288380952,"Llama 2 7B -> Tulu All merged with Safety 10%, linear_weighted"
linear_weighted-llama_2_7b-tulu_all_0.5-safety_10_0.5,llama_2_7b,tulu_all,0.5,safety_10,0.5,linear_weighted,0.4194444444444444,0.39259259259259244,0.19146341463414634,0.34139730898867804,0.24,0.07,0.4698048711009828,0.481555333998006,0.00014285714285714287,0.4785801713586291,0.3706001639280016,0.10660593347307708,0.19613947696139478,0.0,38.79999844800005,0.0,0.9998571428571429,1.0,0.38799998448000056,1.0,0.28729543478263797,0.38683242061439094,0.999952380952381,0.999952380952381,"Llama 2 7B -> Tulu All merged with Safety 10%, linear_weighted"
linear_weighted-llama_2_7b-tulu_all_0.4-safety_10_0.6,llama_2_7b,tulu_all,0.4,safety_10,0.6,linear_weighted,0.3953703703703703,0.3768518518518519,0.1875,0.311959768691627,0.205,0.045,0.46047571571001283,0.4737929069933058,0.00014285714285714287,0.4039167686658507,0.34782450566992507,0.09153924326655824,0.10434782608695653,0.0,26.79999892800004,0.0,0.9998571428571429,1.0,0.2679999892800004,1.0,0.2747461515175036,0.3417924454839695,0.999952380952381,0.999952380952381,"Llama 2 7B -> Tulu All merged with Safety 10%, linear_weighted"
linear_weighted-llama_2_7b-tulu_all_0.1-safety_10_0.9,llama_2_7b,tulu_all,0.1,safety_10,0.9,linear_weighted,0.2648148148148147,0.30185185185185187,0.1329268292682927,0.24284960018460736,0.16,0.05,0.399586953425438,0.4253667568722404,0.00014285714285714287,0.34516523867809057,0.26025839988988997,0.05493305039095201,0.043478260869565216,0.0,5.599999776000009,0.0,0.9998571428571429,1.0,0.055999997760000086,1.0,0.23174087420926293,0.24695357210754867,0.999952380952381,0.999952380952381,"Llama 2 7B -> Tulu All merged with Safety 10%, linear_weighted"
linear_weighted-llama_2_7b-tulu_all_0.3-safety_10_0.7,llama_2_7b,tulu_all,0.3,safety_10,0.7,linear_weighted,0.3537037037037037,0.3388888888888889,0.16646341463414632,0.2945754030761204,0.165,0.07,0.4495798319327731,0.4611166500498505,0.0,0.37209302325581395,0.3242402614791733,0.07811685018626473,0.0660024906600249,0.0,19.599999216000032,0.0,1.0,1.0,0.19599999216000033,1.0,0.2626170756348335,0.30788460222965497,1.0,1.0,"Llama 2 7B -> Tulu All merged with Safety 10%, linear_weighted"
linear_weighted-llama_2_7b-tulu_all_0.2-safety_10_0.8,llama_2_7b,tulu_all,0.2,safety_10,0.8,linear_weighted,0.3324074074074075,0.3101851851851851,0.15121951219512195,0.30360372467523417,0.16,0.055,0.4250106822389973,0.44295684375445094,0.0,0.35006119951040393,0.28696104880830564,0.0678580181121519,0.04596273291925466,0.0,9.599999616000014,0.0,1.0,1.0,0.09599999616000014,1.0,0.2450294005002268,0.2791491512571927,1.0,1.0,"Llama 2 7B -> Tulu All merged with Safety 10%, linear_weighted"
linear_weighted-llama_2_7b-tulu_all_0.8-tulu_2_7b_uncensored_safety_100_0.2,llama_2_7b,tulu_all,0.8,tulu_2_7b_uncensored_safety_100,0.2,linear_weighted,0.425,0.37407407407407395,0.20853658536585368,0.41120661977907313,0.35,0.06,0.48668280871670705,0.5024925224327019,0.0,0.5348837209302325,0.44417760033632675,0.12172988095292228,0.6094527363184079,6.75,73.99999704000011,0.4999999800000008,1.0,0.9950000002,0.7399999704000011,0.9325,0.2948875975430423,0.48456438859462014,0.9758333334000001,0.9758333334000001,"Llama 2 7B -> Tulu All merged with Tulu 2 7B Uncensored c.ft. Safety 100%, linear_weighted"
linear_weighted-llama_2_7b-tulu_all_0.7-tulu_2_7b_uncensored_safety_100_0.3,llama_2_7b,tulu_all,0.7,tulu_2_7b_uncensored_safety_100,0.3,linear_weighted,0.4166666666666667,0.3787037037037037,0.2030487804878049,0.3651768594993317,0.32,0.065,0.481555333998006,0.5024925224327019,0.0,0.5458996328029376,0.42745245869824927,0.11438027201310266,0.415527950310559,1.25,54.39999782400009,0.9999999600000016,1.0,0.9900000004,0.5439999782400009,0.9875,0.2943529668450025,0.4429644185578846,0.9925000001333334,0.9925000001333334,"Llama 2 7B -> Tulu All merged with Tulu 2 7B Uncensored c.ft. Safety 100%, linear_weighted"
linear_weighted-llama_2_7b-tulu_all_0.6-tulu_2_7b_uncensored_safety_100_0.4,llama_2_7b,tulu_all,0.6,tulu_2_7b_uncensored_safety_100,0.4,linear_weighted,0.41203703703703703,0.4009259259259259,0.1945121951219512,0.3675029003315646,0.31,0.075,0.48112804443811424,0.49935906566016236,0.0,0.5275397796817626,0.403193419309073,0.10892368201256908,0.292910447761194,0.0,39.99999840000007,0.0,1.0,1.0,0.39999998400000064,1.0,0.29634665573012847,0.4144858806853646,1.0,1.0,"Llama 2 7B -> Tulu All merged with Tulu 2 7B Uncensored c.ft. Safety 100%, linear_weighted"
linear_weighted-llama_2_7b-tulu_all_0.9-tulu_2_7b_uncensored_safety_100_0.1,llama_2_7b,tulu_all,0.9,tulu_2_7b_uncensored_safety_100,0.1,linear_weighted,0.4537037037037038,0.3861111111111111,0.20853658536585368,0.3839059783001866,0.33,0.065,0.48775103261643643,0.5029910269192422,0.023714285714285716,0.5152998776009792,0.46352888244516066,0.12697010606362982,0.697384806973848,16.75,88.39999646400015,2.9999998800000047,0.9762857142857143,0.9700000012,0.8839999646400015,0.8325,0.2987666427298465,0.5025984913294954,0.9262619051619048,0.9262619051619048,"Llama 2 7B -> Tulu All merged with Tulu 2 7B Uncensored c.ft. Safety 100%, linear_weighted"
linear_weighted-llama_2_7b-tulu_all_0.5-tulu_2_7b_uncensored_safety_100_0.5,llama_2_7b,tulu_all,0.5,tulu_2_7b_uncensored_safety_100,0.5,linear_weighted,0.43703703703703706,0.362962962962963,0.19817073170731708,0.3605626656436518,0.305,0.06,0.4751459905996297,0.49430280586810993,0.0,0.4724602203182375,0.3945788766812007,0.10548455291194271,0.19627329192546583,0.0,34.79999860800005,0.0,1.0,1.0,0.34799998608000055,1.0,0.28587064321974043,0.3989692537656796,1.0,1.0,"Llama 2 7B -> Tulu All merged with Tulu 2 7B Uncensored c.ft. Safety 100%, linear_weighted"
linear_weighted-llama_2_7b-tulu_all_0.4-tulu_2_7b_uncensored_safety_100_0.6,llama_2_7b,tulu_all,0.4,tulu_2_7b_uncensored_safety_100,0.6,linear_weighted,0.3990740740740741,0.3574074074074074,0.18871951219512195,0.34080730867712666,0.27,0.05,0.46994730095428,0.4952285999145421,0.0,0.4394124847001224,0.3786104504473547,0.09970941248111441,0.13291925465838508,0.0,25.199998992000044,0.0,1.0,1.0,0.25199998992000044,1.0,0.28104892198545467,0.364264515538994,1.0,1.0,"Llama 2 7B -> Tulu All merged with Tulu 2 7B Uncensored c.ft. Safety 100%, linear_weighted"
linear_weighted-llama_2_7b-tulu_all_0.3-tulu_2_7b_uncensored_safety_100_0.7,llama_2_7b,tulu_all,0.3,tulu_2_7b_uncensored_safety_100,0.7,linear_weighted,0.39444444444444454,0.3777777777777778,0.1942073170731707,0.35974586653247076,0.29,0.06,0.4687366472012534,0.48953140578265203,0.0,0.42962056303549573,0.36362462990233974,0.09637658515796643,0.09751552795031056,0.0,19.199999232000028,0.0,1.0,1.0,0.19199999232000028,1.0,0.28457074859570314,0.3568817347765721,1.0,1.0,"Llama 2 7B -> Tulu All merged with Tulu 2 7B Uncensored c.ft. Safety 100%, linear_weighted"
linear_weighted-llama_2_7b-tulu_all_0.2-tulu_2_7b_uncensored_safety_100_0.8,llama_2_7b,tulu_all,0.2,tulu_2_7b_uncensored_safety_100,0.8,linear_weighted,0.3611111111111111,0.34722222222222227,0.19817073170731708,0.3362204085652323,0.29,0.06,0.4609742201965532,0.48504486540378866,0.0,0.408812729498164,0.3422324751680438,0.0852823234758936,0.08022388059701493,0.0,18.79999924800003,0.0,1.0,1.0,0.18799999248000032,1.0,0.2767941680355017,0.3410501338598721,1.0,1.0,"Llama 2 7B -> Tulu All merged with Tulu 2 7B Uncensored c.ft. Safety 100%, linear_weighted"
linear_weighted-llama_2_7b-tulu_all_0.1-tulu_2_7b_uncensored_safety_100_0.9,llama_2_7b,tulu_all,0.1,tulu_2_7b_uncensored_safety_100,0.9,linear_weighted,0.3555555555555556,0.34907407407407404,0.19664634146341464,0.3374583300109994,0.285,0.055,0.45755590371741917,0.4849024355504914,0.0,0.38922888616891066,0.3225511022078508,0.07482089860513412,0.05652173913043478,0.0,15.599999376000023,0.0,1.0,1.0,0.15599999376000023,1.0,0.27422436420726753,0.3290499673458194,1.0,1.0,"Llama 2 7B -> Tulu All merged with Tulu 2 7B Uncensored c.ft. Safety 100%, linear_weighted"
tulu_2_7b_uncensored-tulu_match-safety_10,tulu_2_7b_uncensored,tulu_match,1.0,safety_10,1.0,N/A,0.4194444444444445,0.3861111111111112,0.23414634146341462,0.3661887082184598,0.25,0.055,0.4819826235578977,0.4905284147557328,0.0,0.4602203182374541,0.48612260686726855,0.1182373298001115,0.6722846441947565,9.25,38.79999844800006,0.0,1.0,1.0,0.3879999844800006,0.9075,0.2957586019810171,0.4074226694007893,0.9691666666666666,0.9691666666666666,Tulu 2 7B Uncensored -> Tulu Match & Safety 10%
llama_2_7b-tulu_all-safety_10,llama_2_7b,tulu_all,1.0,safety_10,1.0,N/A,0.4240740740740741,0.40370370370370373,0.21097560975609758,0.3623176500687261,0.315,0.055,0.4935194416749751,0.5027773821392963,0.0054285714285714284,0.48959608323133413,0.4878995239550478,0.1251121406008606,0.710820895522388,14.25,66.79999732800009,0.4999999800000008,0.9945714285714286,0.9950000002,0.6679999732800009,0.8575,0.3000577030565424,0.46291524946916546,0.9490238095904763,0.9490238095904763,Llama 2 7B -> Tulu All & Safety 10%
tulu_2_7b_uncensored-tulu_none-safety_10,tulu_2_7b_uncensored,tulu_none,0.0,safety_10,1.0,N/A,0.40092592592592596,0.36111111111111116,0.17042682926829267,0.3181452175024251,0.17,0.03,0.4626121635094716,0.48290841760432984,0.0,0.3108935128518972,0.3006152512625043,0.07099969142462673,0.041044776119402986,0.0,2.7999998880000043,0.0,1.0,1.0,0.027999998880000043,1.0,0.2663924111687817,0.2844560099903178,1.0,1.0,Tulu 2 7B Uncensored -> Tulu None & Safety 10%
tulu_2_7b_continued_ft_lora-tulu_none-safety_10,tulu_2_7b_continued_ft_lora,tulu_none,0.0,safety_10,1.0,N/A,0.425925925925926,0.3759259259259259,0.20396341463414633,0.37949577795156597,0.31,0.08,0.48739495798319327,0.5042016806722689,0.2102857142857143,0.4810281517747858,0.46965723346878024,0.1336305231313503,0.7125935162094763,25.0,91.59999633600015,6.49999974000001,0.7897142857142857,0.9350000025999999,0.9159999633600014,0.75,0.30032053750599336,0.49564314435203605,0.8249047627714284,0.8249047627714284,Tulu 2 7B Uncensored c.ft. with Lora -> Tulu None & Safety 10%
tulu_2_7b_continued_ft_lora-tulu_none-safety_20,tulu_2_7b_continued_ft_lora,tulu_none,0.0,safety_20,1.0,N/A,0.47592592592592586,0.3722222222222221,0.20396341463414636,0.3873526467868762,0.34,0.075,0.4888192565161658,0.5031334567725395,0.00042857142857142855,0.4773561811505508,0.4580399582638634,0.12090195565309735,0.6720496894409937,9.0,53.599997856000094,0.4999999800000008,0.9995714285714286,0.9950000002,0.5359999785600009,0.91,0.29639241767575747,0.45192770674334043,0.9681904762571429,0.9681904762571429,Tulu 2 7B Uncensored c.ft. with Lora -> Tulu None & Safety 20%
tulu_2_7b_continued_ft_lora-tulu_none-safety_60,tulu_2_7b_continued_ft_lora,tulu_none,0.0,safety_60,1.0,N/A,0.47314814814814815,0.375,0.19268292682926827,0.3606414775664568,0.335,0.06,0.47728243839908846,0.4965104685942173,0.0,0.4112607099143207,0.3744246182160152,0.09142508103053602,0.3774875621890547,0.25,16.399999344000026,0.0,1.0,1.0,0.16399999344000027,0.9975,0.28535482417470653,0.37082248366914705,0.9991666666666666,0.9991666666666666,Tulu 2 7B Uncensored c.ft. with Lora -> Tulu None & Safety 60%
tulu_2_7b_continued_ft_lora-tulu_none-safety_100,tulu_2_7b_continued_ft_lora,tulu_none,0.0,safety_100,1.0,N/A,0.4666666666666667,0.35648148148148157,0.19390243902439022,0.3752929704517336,0.33,0.07,0.47001851588092863,0.48960262070930066,0.0,0.4394124847001224,0.3304122451660494,0.07183090039297511,0.21055900621118012,0.0,7.599999696000012,0.0,1.0,1.0,0.07599999696000012,1.0,0.27857001038624135,0.355400411403643,1.0,1.0,Tulu 2 7B Uncensored c.ft. with Lora -> Tulu None & Safety 100%
task_arithmetic-llama_2_7b-tulu_all_1.0-safety_100_0.2,llama_2_7b,tulu_all,1.0,safety_100,0.2,task_arithmetic,0.43796296296296294,0.38425925925925924,0.22042682926829268,0.362272204500174,0.325,0.075,0.4829796325309785,0.5006409343398376,0.016285714285714285,0.5850673194614443,0.46588377371963197,0.12612367597215768,0.6884328358208955,26.25,91.99999632000015,6.4999997400000105,0.9837142857142858,0.9350000025999999,0.9199999632000015,0.7375,0.3011819388632308,0.511309408053599,0.8854047627714285,0.8854047627714285,"Llama 2 7B -> Tulu All merged with Safety 100%, task_arithmetic"
task_arithmetic-llama_2_7b-tulu_all_1.0-safety_100_0.4,llama_2_7b,tulu_all,1.0,safety_100,0.4,task_arithmetic,0.40833333333333344,0.36759259259259264,0.21067073170731707,0.3649706877733005,0.28,0.085,0.47172767412049565,0.49159663865546216,0.0,0.6474908200734394,0.4334921171021077,0.11269869719699097,0.5615671641791045,10.75,71.19999715200011,2.4999999000000037,1.0,0.975000001,0.711999971520001,0.8925,0.29319254980130416,0.4740020862746683,0.9558333336666666,0.9558333336666666,"Llama 2 7B -> Tulu All merged with Safety 100%, task_arithmetic"
task_arithmetic-llama_2_7b-tulu_all_1.0-safety_100_0.6,llama_2_7b,tulu_all,1.0,safety_100,0.6,task_arithmetic,0.39629629629629626,0.36851851851851847,0.2201219512195122,0.36874801650060274,0.27,0.07,0.46382281726249824,0.4779233727389261,0.0,0.6548347613219094,0.38775839246974003,0.08417546634006515,0.3642590286425903,3.0,52.399997904000074,1.4999999400000024,1.0,0.9850000005999999,0.5239999790400007,0.97,0.28311044692599135,0.4379228946987211,0.9850000002,0.9850000002,"Llama 2 7B -> Tulu All merged with Safety 100%, task_arithmetic"
task_arithmetic-llama_2_7b-tulu_all_1.0-safety_100_0.1,llama_2_7b,tulu_all,1.0,safety_100,0.1,task_arithmetic,0.4527777777777779,0.38240740740740736,0.20701219512195118,0.3662300613756099,0.325,0.09,0.48540094003703177,0.500569719413189,0.2327142857142857,0.5483476132190942,0.4849368619573892,0.13446675505962788,0.7173100871731009,40.5,97.59999609600017,14.499999420000023,0.7672857142857143,0.8550000057999998,0.9759999609600016,0.595,0.3025042994025608,0.5198133164752721,0.7390952400285714,0.7390952400285714,"Llama 2 7B -> Tulu All merged with Safety 100%, task_arithmetic"
task_arithmetic-llama_2_7b-tulu_all_1.0-safety_100_0.5,llama_2_7b,tulu_all,1.0,safety_100,0.5,task_arithmetic,0.3962962962962964,0.35462962962962963,0.21951219512195122,0.34533942328154366,0.28,0.075,0.46752599344822676,0.48846318188292265,0.0,0.6462668298653611,0.40824726389889077,0.09769740010217426,0.46455223880597013,5.25,62.7999974880001,1.4999999400000024,1.0,0.9850000005999999,0.627999974880001,0.9475,0.2872942647699334,0.45309654023861706,0.9775000002,0.9775000002,"Llama 2 7B -> Tulu All merged with Safety 100%, task_arithmetic"
task_arithmetic-llama_2_7b-tulu_all_1.0-safety_100_0.3,llama_2_7b,tulu_all,1.0,safety_100,0.3,task_arithmetic,0.41759259259259274,0.4092592592592592,0.21463414634146344,0.39314885446804193,0.27,0.08,0.4758581398661159,0.4960831790343256,0.00028571428571428574,0.6181150550795593,0.44934269410718697,0.12113173620958165,0.6274875621890548,16.25,79.5999968160001,3.4999998600000053,0.9997142857142857,0.9650000014,0.795999968160001,0.8375,0.30286524997982595,0.488579614896214,0.9340714290380951,0.9340714290380951,"Llama 2 7B -> Tulu All merged with Safety 100%, task_arithmetic"
task_arithmetic-llama_2_7b-tulu_all_1.0-safety_100_0.7,llama_2_7b,tulu_all,1.0,safety_100,0.7,task_arithmetic,0.36851851851851863,0.362037037037037,0.2225609756097561,0.3401324898389385,0.235,0.065,0.45755590371741917,0.4687366472012534,0.0,0.6107711138310894,0.3610963588211231,0.07354209519031371,0.2829601990049751,1.5,47.999998080000076,1.4999999400000024,1.0,0.9850000005999999,0.4799999808000008,0.985,0.27676890037326896,0.4075820522181557,0.9900000001999999,0.9900000001999999,"Llama 2 7B -> Tulu All merged with Safety 100%, task_arithmetic"
task_arithmetic-llama_2_7b-tulu_all_1.0-safety_100_0.8,llama_2_7b,tulu_all,1.0,safety_100,0.8,task_arithmetic,0.3212962962962963,0.36574074074074076,0.19695121951219516,0.35662154145031894,0.255,0.06,0.4519299245121777,0.4589089873237431,0.0,0.5458996328029376,0.3171382964442284,0.06968234452696903,0.2431592039800995,0.5,42.799998288000076,1.9999999200000032,1.0,0.9800000007999999,0.42799998288000074,0.995,0.26836537990456516,0.3822693820551371,0.9916666669333334,0.9916666669333334,"Llama 2 7B -> Tulu All merged with Safety 100%, task_arithmetic"
task_arithmetic-llama_2_7b-tulu_all_1.0-safety_100_1.0,llama_2_7b,tulu_all,1.0,safety_100,1.0,task_arithmetic,0.275,0.37129629629629624,0.14847560975609758,0.29996507588914895,0.225,0.045,0.43989460190856006,0.44502207662726107,0.0,0.4724602203182375,0.23749216520244346,0.04804487109932389,0.1453416149068323,0.25,30.399998784000047,0.9999999600000016,1.0,0.9900000004,0.3039999878400005,0.9975,0.2504768217343733,0.3219731501654844,0.9958333334666666,0.9958333334666666,"Llama 2 7B -> Tulu All merged with Safety 100%, task_arithmetic"
task_arithmetic-llama_2_7b-tulu_all_1.0-safety_100_0.9,llama_2_7b,tulu_all,1.0,safety_100,0.9,task_arithmetic,0.3287037037037037,0.36203703703703705,0.16890243902439023,0.3138616838873578,0.24,0.045,0.44502207662726107,0.44908132744623275,0.0,0.4883720930232558,0.2675230785340192,0.05598494491040019,0.17763975155279504,0.5,37.99999848000006,1.4999999400000024,1.0,0.9850000005999999,0.3799999848000006,0.995,0.25501451264404884,0.3519260886536569,0.9933333335333333,0.9933333335333333,"Llama 2 7B -> Tulu All merged with Safety 100%, task_arithmetic"
task_arithmetic-llama_2_7b-tulu_all_1.0-safety_10_0.2,llama_2_7b,tulu_all,1.0,safety_10,0.2,task_arithmetic,0.46944444444444455,0.40740740740740733,0.21341463414634146,0.3780436319702347,0.36,0.075,0.48568579974362625,0.4992878507335137,0.023857142857142858,0.5740514075887393,0.46095521247161064,0.12227561474069944,0.7245024875621892,36.25,94.79999620800017,12.499999500000019,0.9761428571428571,0.8750000049999997,0.9479999620800017,0.6375,0.3027788929602459,0.5251686368998082,0.8295476207142857,0.8295476207142857,"Llama 2 7B -> Tulu All merged with Safety 10%, task_arithmetic"
task_arithmetic-llama_2_7b-tulu_all_1.0-safety_10_0.3,llama_2_7b,tulu_all,1.0,safety_10,0.3,task_arithmetic,0.4824074074074074,0.4111111111111111,0.21097560975609758,0.3624181451712978,0.375,0.055,0.48461757584389686,0.499430280586811,0.0,0.6132190942472461,0.4346109899370002,0.10898817304957319,0.6927860696517414,20.25,83.59999665600013,5.499999780000008,1.0,0.9450000021999999,0.8359999665600013,0.7975,0.2974892425150673,0.5126104541666928,0.9141666674,0.9141666674,"Llama 2 7B -> Tulu All merged with Safety 10%, task_arithmetic"
task_arithmetic-llama_2_7b-tulu_all_1.0-safety_10_0.1,llama_2_7b,tulu_all,1.0,safety_10,0.1,task_arithmetic,0.4564814814814816,0.4101851851851851,0.2073170731707317,0.3700292713025855,0.36,0.085,0.48846318188292265,0.49807719698048714,0.32442857142857146,0.5287637698898409,0.4814637431119546,0.13056686070752255,0.7412935323383084,47.0,96.79999612800016,17.499999300000027,0.6755714285714285,0.8250000069999998,0.9679999612800017,0.53,0.3048705855040689,0.5218859155641125,0.6768571451904761,0.6768571451904761,"Llama 2 7B -> Tulu All merged with Safety 10%, task_arithmetic"
task_arithmetic-llama_2_7b-tulu_all_1.0-safety_10_0.4,llama_2_7b,tulu_all,1.0,safety_10,0.4,task_arithmetic,0.4518518518518518,0.37407407407407406,0.21615853658536582,0.37531184834949083,0.32,0.055,0.48112804443811424,0.4961543939609742,0.0,0.6303549571603427,0.4183719722256904,0.10688980700864839,0.657142857142857,16.0,78.39999686400012,2.9999998800000047,1.0,0.9700000012,0.7839999686400012,0.84,0.2907385342650061,0.49443123466649874,0.9366666670666666,0.9366666670666666,"Llama 2 7B -> Tulu All merged with Safety 10%, task_arithmetic"
task_arithmetic-llama_2_7b-tulu_all_1.0-safety_10_0.6,llama_2_7b,tulu_all,1.0,safety_10,0.6,task_arithmetic,0.449074074074074,0.3712962962962963,0.20518292682926828,0.3809370658413549,0.325,0.05,0.47486113089303517,0.48846318188292265,0.0,0.5924112607099143,0.36822687298711265,0.08662997596091976,0.4048507462686567,2.5,49.59999801600009,0.9999999600000016,1.0,0.9900000004,0.4959999801600009,0.975,0.2816725938087216,0.44093005495221316,0.9883333334666666,0.9883333334666666,"Llama 2 7B -> Tulu All merged with Safety 10%, task_arithmetic"
task_arithmetic-llama_2_7b-tulu_all_1.0-safety_10_0.7,llama_2_7b,tulu_all,1.0,safety_10,0.7,task_arithmetic,0.4027777777777778,0.39722222222222225,0.2054878048780488,0.37945551390390175,0.285,0.055,0.47279589802022504,0.49216635806865117,0.0,0.5691554467564259,0.3569043737496332,0.08146411236680576,0.3447204968944099,1.0,46.799998128000084,0.9999999600000016,1.0,0.9900000004,0.46799998128000087,0.99,0.2872511426007298,0.4191555702125664,0.9933333334666666,0.9933333334666666,"Llama 2 7B -> Tulu All merged with Safety 10%, task_arithmetic"
task_arithmetic-llama_2_7b-tulu_all_1.0-safety_10_0.8,llama_2_7b,tulu_all,1.0,safety_10,0.8,task_arithmetic,0.3675925925925927,0.3990740740740741,0.20121951219512196,0.3643749448844593,0.29,0.055,0.47229739353368466,0.4910981341689218,0.0,0.48592411260709917,0.3393073206131131,0.076024826877217,0.2599502487562189,0.25,33.99999864000005,0.9999999600000016,1.0,0.9900000004,0.3399999864000005,0.9975,0.2855857802473761,0.37992805009013564,0.9958333334666666,0.9958333334666666,"Llama 2 7B -> Tulu All merged with Safety 10%, task_arithmetic"
task_arithmetic-llama_2_7b-tulu_all_1.0-safety_10_0.9,llama_2_7b,tulu_all,1.0,safety_10,0.9,task_arithmetic,0.362962962962963,0.3962962962962963,0.20121951219512196,0.3502629902378826,0.27,0.045,0.4713003845606039,0.4916678535821108,0.0,0.45165238678090575,0.3223151982886659,0.07120098814135811,0.2124223602484472,0.25,29.199998832000052,0.9999999600000016,1.0,0.9900000004,0.2919999883200005,0.9975,0.28284208396616634,0.36007055873586025,0.9958333334666666,0.9958333334666666,"Llama 2 7B -> Tulu All merged with Safety 10%, task_arithmetic"
task_arithmetic-llama_2_7b-tulu_all_1.0-safety_10_1.0,llama_2_7b,tulu_all,1.0,safety_10,1.0,task_arithmetic,0.3416666666666667,0.400925925925926,0.2003048780487805,0.34474331735620717,0.29,0.045,0.4685230024213075,0.4858282295969235,0.0,0.42105263157894735,0.3162386086515101,0.06789173271621926,0.18283582089552242,0.0,26.399998944000046,0.4999999800000008,1.0,0.9950000002,0.26399998944000047,1.0,0.28096316598079546,0.3494606023020913,0.9983333334000001,0.9983333334000001,"Llama 2 7B -> Tulu All merged with Safety 10%, task_arithmetic"
task_arithmetic-llama_2_7b-tulu_all_1.0-safety_10_0.5,llama_2_7b,tulu_all,1.0,safety_10,0.5,task_arithmetic,0.4472222222222222,0.39537037037037037,0.2121951219512195,0.3624994983495701,0.325,0.055,0.4793476712718986,0.49736504771400086,0.0,0.6523867809057528,0.39262960337637737,0.09573935061973735,0.539179104477612,8.25,66.3999973440001,1.9999999200000032,1.0,0.9800000007999999,0.663999973440001,0.9175,0.29217248972822146,0.4747265356522603,0.9658333336,0.9658333336,"Llama 2 7B -> Tulu All merged with Safety 10%, task_arithmetic"
linear_weighted-llama_2_7b-tulu_all_0.88-safety_60_0.12,llama_2_7b,tulu_all,0.88,safety_60,0.12,linear_weighted,0.47870370370370374,0.37962962962962965,0.21585365853658536,0.3604302233294908,0.35,0.075,0.4910269192422732,0.5056971941318901,0.11428571428571428,0.5373317013463892,0.4554906878253048,0.12512983383424175,0.0,38.5,94.79999620800017,10.499999580000017,0.8857142857142857,0.8950000041999998,0.9479999620800017,0.615,0.3011679183773728,0.5172833139324519,0.7985714299714285,0.7985714299714285,"Llama 2 7B -> Tulu All merged with Safety 60%, linear_weighted"
linear_weighted-llama_2_7b-tulu_all_0.82-safety_100_0.18,llama_2_7b,tulu_all,0.82,safety_100,0.18,linear_weighted,0.42407407407407405,0.39351851851851843,0.2277439024390244,0.38367472405265957,0.3,0.06,0.48426150121065376,0.5033471015524854,0.019285714285714285,0.5520195838433293,0.45354632780464066,0.12845903698755995,0.6475716064757161,31.0,91.99999632000016,6.49999974000001,0.9807142857142858,0.9350000025999999,0.9199999632000017,0.69,0.3027359435083456,0.5025108820264799,0.8685714294380952,0.8685714294380952,"Llama 2 7B -> Tulu All merged with Safety 100%, linear_weighted"
linear_weighted-llama_2_7b-tulu_all_0.98-safety_10_0.02,llama_2_7b,tulu_all,0.98,safety_10,0.02,linear_weighted,0.4324074074074074,0.3768518518518518,0.20853658536585368,0.37648396117964944,0.34,0.07,0.4913829938755163,0.5040592508189716,0.5232857142857142,0.48592411260709917,0.4700634390410821,0.12962911662431278,0.736612702366127,54.25,98.79999604800017,26.49999894000004,0.47671428571428576,0.7350000105999996,0.9879999604800017,0.4575,0.2988560092466603,0.5120374106558223,0.5564047654380951,0.5564047654380951,"Llama 2 7B -> Tulu All merged with Safety 10%, linear_weighted"
linear_weighted-llama_2_7b-tulu_all_0.96-safety_20_0.04,llama_2_7b,tulu_all,0.96,safety_20,0.04,linear_weighted,0.44629629629629625,0.40648148148148144,0.20884146341463414,0.35996368842967047,0.34,0.075,0.4927360774818402,0.5071927075915111,0.4427142857142857,0.4908200734394125,0.4648367436891788,0.1254380908450546,0.7229140722291407,47.5,97.59999609600017,24.499999020000036,0.5572857142857143,0.7550000097999996,0.9759999609600016,0.525,0.3050244084873654,0.5100932628994858,0.6124285746952379,0.6124285746952379,"Llama 2 7B -> Tulu All merged with Safety 20%, linear_weighted"
task_arithmetic-llama_2_7b-tulu_all_1.0-safety_10_0.02,llama_2_7b,tulu_all,1.0,safety_10,0.02,task_arithmetic,0.4638888888888889,0.4055555555555556,0.2073170731707317,0.35324929544517253,0.36,0.075,0.48924654607605755,0.5002848597065945,0.5382857142857143,0.49938800489596086,0.48952833403930723,0.13311320805144947,0.7204234122042341,54.5,99.19999603200017,26.999998920000046,0.46171428571428574,0.7300000107999995,0.9919999603200017,0.45499999999999996,0.30359259269848765,0.5210430042379126,0.5489047655047617,0.5489047655047617,"Llama 2 7B -> Tulu All merged with Safety 10%, task_arithmetic"
task_arithmetic-llama_2_7b-tulu_all_1.0-safety_20_0.04,llama_2_7b,tulu_all,1.0,safety_20,0.04,task_arithmetic,0.4592592592592592,0.41111111111111104,0.20426829268292682,0.36701494627851944,0.355,0.085,0.4898874804158952,0.498860561173622,0.499,0.49938800489596086,0.4886144728163114,0.13599648634377584,0.7372353673723536,52.75,98.39999606400018,27.49999890000004,0.501,0.7250000109999997,0.9839999606400017,0.47250000000000003,0.3056828354141763,0.5204520177579924,0.5661666703333332,0.5661666703333332,"Llama 2 7B -> Tulu All merged with Safety 20%, task_arithmetic"
task_arithmetic-llama_2_7b-tulu_all_1.0-safety_60_0.13,llama_2_7b,tulu_all,1.0,safety_60,0.13,task_arithmetic,0.4527777777777777,0.399074074074074,0.21463414634146338,0.3912109656559555,0.315,0.085,0.4863979490101125,0.5004985044865404,0.13142857142857142,0.554467564259486,0.4738071223579,0.12688011983728947,0.7157960199004976,38.0,95.99999616000015,11.499999540000017,0.8685714285714285,0.8850000045999998,0.9599999616000016,0.62,0.3044308915376513,0.5190944772373192,0.7911904777238093,0.7911904777238093,"Llama 2 7B -> Tulu All merged with Safety 60%, task_arithmetic"
task_arithmetic-llama_2_7b-tulu_all_1.0-safety_100_0.22,llama_2_7b,tulu_all,1.0,safety_100,0.22,task_arithmetic,0.4388888888888889,0.39722222222222214,0.21890243902439027,0.380277725559195,0.285,0.075,0.48127047429141145,0.4980059820538385,0.008857142857142857,0.5862913096695227,0.46538412263214546,0.1251825045283628,0.6967621419676214,26.0,89.99999640000014,6.4999997400000105,0.9911428571428571,0.9350000025999999,0.8999999640000014,0.74,0.30205318831377537,0.5053017835773093,0.8887142865809524,0.8887142865809524,"Llama 2 7B -> Tulu All merged with Safety 100%, task_arithmetic"
task_arithmetic-llama_2_7b-tulu_all_1.0-safety_10_0.0,llama_2_7b,tulu_all,1.0,safety_10,0.0,task_arithmetic,0.44629629629629625,0.37129629629629624,0.20304878048780486,0.36920290122925475,0.33,0.075,0.4888192565161658,0.5045577553055121,0.5928571428571429,0.47368421052631576,0.47441829140352193,0.13424108453002123,0.7288029925187033,54.0,99.19999603200017,31.99999872000005,0.40714285714285714,0.6800000127999994,0.9919999603200017,0.45999999999999996,0.2987836119875244,0.5106315594702223,0.5157142899809521,0.5157142899809521,"Llama 2 7B -> Tulu All merged with Safety 10%, task_arithmetic"
task_arithmetic-llama_2_7b-tulu_all_1.0-safety_100_0.0,llama_2_7b,tulu_all,1.0,safety_100,0.0,task_arithmetic,0.44629629629629625,0.37129629629629624,0.20304878048780486,0.36920290122925475,0.33,0.075,0.4888192565161658,0.5045577553055121,0.5928571428571429,0.47368421052631576,0.47441829140352193,0.13424108453002123,0.7288029925187033,54.0,99.19999603200017,31.99999872000005,0.40714285714285714,0.6800000127999994,0.9919999603200017,0.45999999999999996,0.2987836119875244,0.5106315594702223,0.5157142899809521,0.5157142899809521,"Llama 2 7B -> Tulu All merged with Safety 100%, task_arithmetic"
linear_weighted-llama_2_7b-tulu_all_1.0-tulu_2_7b_uncensored_safety_100_0.0,llama_2_7b,tulu_all,1.0,tulu_2_7b_uncensored_safety_100,0.0,linear_weighted,0.44629629629629625,0.37129629629629624,0.20304878048780486,0.36920290122925475,0.33,0.075,0.4888192565161658,0.5045577553055121,0.5928571428571429,0.47368421052631576,0.47441829140352193,0.13424108453002123,0.7288029925187033,54.0,99.19999603200017,31.99999872000005,0.40714285714285714,0.6800000127999994,0.9919999603200017,0.45999999999999996,0.2987836119875244,0.5106315594702223,0.5157142899809521,0.5157142899809521,"Llama 2 7B -> Tulu All merged with Tulu 2 7B Uncensored c.ft. Safety 100%, linear_weighted"
linear_weighted-llama_2_7b-tulu_all_1.0-safety_v0_100_0.0,llama_2_7b,tulu_all,1.0,safety_v0_100,0.0,linear_weighted,0.44629629629629625,0.37129629629629624,0.20304878048780486,0.36920290122925475,0.33,0.075,0.4888192565161658,0.5045577553055121,0.5928571428571429,0.47368421052631576,0.47441829140352193,0.13424108453002123,0.7288029925187033,54.0,99.19999603200017,31.99999872000005,0.40714285714285714,0.6800000127999994,0.9919999603200017,0.45999999999999996,0.2987836119875244,0.5106315594702223,0.5157142899809521,0.5157142899809521,"Llama 2 7B -> Tulu All merged with Safety V0 100%, linear_weighted"
linear_weighted-llama_2_7b-tulu_all_1.0-safety_10_0.0,llama_2_7b,tulu_all,1.0,safety_10,0.0,linear_weighted,0.44629629629629625,0.37129629629629624,0.20304878048780486,0.36920290122925475,0.33,0.075,0.4888192565161658,0.5045577553055121,0.5928571428571429,0.47368421052631576,0.47441829140352193,0.13424108453002123,0.7288029925187033,54.0,99.19999603200017,31.99999872000005,0.40714285714285714,0.6800000127999994,0.9919999603200017,0.45999999999999996,0.2987836119875244,0.5106315594702223,0.5157142899809521,0.5157142899809521,"Llama 2 7B -> Tulu All merged with Safety 10%, linear_weighted"
linear_weighted-llama_2_7b-tulu_all_1.0-safety_20_0.0,llama_2_7b,tulu_all,1.0,safety_20,0.0,linear_weighted,0.44629629629629625,0.37129629629629624,0.20304878048780486,0.36920290122925475,0.33,0.075,0.4888192565161658,0.5045577553055121,0.5928571428571429,0.47368421052631576,0.47441829140352193,0.13424108453002123,0.7288029925187033,54.0,99.19999603200017,31.99999872000005,0.40714285714285714,0.6800000127999994,0.9919999603200017,0.45999999999999996,0.2987836119875244,0.5106315594702223,0.5157142899809521,0.5157142899809521,"Llama 2 7B -> Tulu All merged with Safety 20%, linear_weighted"
linear_weighted-llama_2_7b-tulu_all_1.0-safety_60_0.0,llama_2_7b,tulu_all,1.0,safety_60,0.0,linear_weighted,0.44629629629629625,0.37129629629629624,0.20304878048780486,0.36920290122925475,0.33,0.075,0.4888192565161658,0.5045577553055121,0.5928571428571429,0.47368421052631576,0.47441829140352193,0.13424108453002123,0.7288029925187033,54.0,99.19999603200017,31.99999872000005,0.40714285714285714,0.6800000127999994,0.9919999603200017,0.45999999999999996,0.2987836119875244,0.5106315594702223,0.5157142899809521,0.5157142899809521,"Llama 2 7B -> Tulu All merged with Safety 60%, linear_weighted"
linear_weighted-llama_2_7b-tulu_all_1.0-safety_100_0.0,llama_2_7b,tulu_all,1.0,safety_100,0.0,linear_weighted,0.44629629629629625,0.37129629629629624,0.20304878048780486,0.36920290122925475,0.33,0.075,0.4888192565161658,0.5045577553055121,0.5928571428571429,0.47368421052631576,0.47441829140352193,0.13424108453002123,0.7288029925187033,54.0,99.19999603200017,31.99999872000005,0.40714285714285714,0.6800000127999994,0.9919999603200017,0.45999999999999996,0.2987836119875244,0.5106315594702223,0.5157142899809521,0.5157142899809521,"Llama 2 7B -> Tulu All merged with Safety 100%, linear_weighted"
linear_weighted-llama_2_7b-tulu_all_0.0-safety_10_1.0,llama_2_7b,tulu_all,0.0,safety_10,1.0,linear_weighted,0.19351851851851862,0.2824074074074074,0.12469512195121948,0.21330602022760142,0.13,0.03,0.36654322746047574,0.40037031761857284,0.0,0.31946144430844553,0.2206304938635437,0.045614909275334944,0.034782608695652174,0.0,5.199999792000008,0.0,1.0,1.0,0.051999997920000075,1.0,0.2139096789785179,0.2136371003283693,1.0,1.0,"Llama 2 7B -> Tulu All merged with Safety 10%, linear_weighted"
linear_weighted-llama_2_7b-tulu_all_0.0-safety_20_1.0,llama_2_7b,tulu_all,0.0,safety_20,1.0,linear_weighted,0.1425925925925926,0.21388888888888888,0.12804878048780488,0.21567044391838625,0.1,0.005,0.3568579974362626,0.3664720125338271,0.0,0.3463892288861689,0.2546600577264565,0.06404693853613869,0.03980099502487562,0.0,5.599999776000009,0.0,1.0,1.0,0.055999997760000086,1.0,0.19065477216341442,0.21031004547426674,1.0,1.0,"Llama 2 7B -> Tulu All merged with Safety 20%, linear_weighted"
linear_weighted-llama_2_7b-tulu_all_0.0-safety_60_1.0,llama_2_7b,tulu_all,0.0,safety_60,1.0,linear_weighted,0.09629629629629628,0.25833333333333336,0.1228658536585366,0.19251492013989183,0.085,0.02,0.34325594644637514,0.34054977923372737,0.0,0.42472460220318237,0.21323315692760833,0.053178025390620415,0.043478260869565216,0.0,9.999999600000017,0.0,1.0,1.0,0.09999999600000016,1.0,0.18924612847499087,0.2078607025733363,1.0,1.0,"Llama 2 7B -> Tulu All merged with Safety 60%, linear_weighted"
linear_weighted-llama_2_7b-tulu_all_0.0-safety_100_1.0,llama_2_7b,tulu_all,0.0,safety_100,1.0,linear_weighted,0.13888888888888887,0.27962962962962956,0.12195121951219512,0.19123524949716147,0.1,0.05,0.36227033186155816,0.36191425722831505,0.0,0.3843329253365973,0.17626226564905478,0.0390164653024794,0.03975155279503106,0.0,7.999999680000011,0.4999999800000008,1.0,0.9950000002,0.07999999680000011,1.0,0.20240430481682237,0.20471280829046581,0.9983333334000001,0.9983333334000001,"Llama 2 7B -> Tulu All merged with Safety 100%, linear_weighted"
linear_weighted-llama_2_7b-tulu_all_0.0-safety_v0_100_1.0,llama_2_7b,tulu_all,0.0,safety_v0_100,1.0,linear_weighted,0.35648148148148145,0.3111111111111111,0.12896341463414634,0.24857465271268792,0.155,0.03,0.4137587238285145,0.4147557328015952,0.0,0.408812729498164,0.23896815062595636,0.052084578827345206,0.12546583850931678,0.0,16.79999932800003,0.4999999800000008,1.0,0.9950000002,0.16799999328000031,1.0,0.22527842836263215,0.28422796163240066,0.9983333334000001,0.9983333334000001,"Llama 2 7B -> Tulu All merged with Safety V0 100%, linear_weighted"
linear_weighted-llama_2_7b-tulu_all_0.0-tulu_2_7b_uncensored_safety_100_1.0,tulu_2_7b_uncensored,tulu_all,0.0,tulu_2_7b_uncensored_safety_100,1.0,linear_weighted,0.3861111111111111,0.3277777777777778,0.18902439024390247,0.3359263490040127,0.245,0.055,0.45328300811850164,0.4789915966386555,0.0,0.3929008567931457,0.30025572859328625,0.06398780911243501,0.05031055900621118,0.0,13.599999456000022,0.0,1.0,1.0,0.13599999456000023,1.0,0.2656288617352377,0.32135386402572247,1.0,1.0,"Llama 2 7B -> Tulu All merged with Tulu 2 7B Uncensored c.ft. Safety 100%, linear_weighted"
data_weighted_linear-llama_2_7b-tulu_all-safety_60,llama_2_7b,tulu_all,0.88,safety_60,0.12,linear_weighted,0.47870370370370374,0.37962962962962965,0.21585365853658536,0.3604302233294908,0.35,0.075,0.4910269192422732,0.5056971941318901,0.11428571428571428,0.5373317013463892,0.4554906878253048,0.12512983383424175,0.0,38.5,94.79999620800017,10.499999580000017,0.8857142857142857,0.8950000041999998,0.9479999620800017,0.615,0.3011679183773728,0.5172833139324519,0.7985714299714285,0.7985714299714285,"Llama 2 7B -> Tulu All merged with Safety X, linear_weighted"
data_weighted_linear-llama_2_7b-tulu_all-safety_100,llama_2_7b,tulu_all,0.82,safety_100,0.18,linear_weighted,0.42407407407407405,0.39351851851851843,0.2277439024390244,0.38367472405265957,0.3,0.06,0.48426150121065376,0.5033471015524854,0.019285714285714285,0.5520195838433293,0.45354632780464066,0.12845903698755995,0.6475716064757161,31.0,91.99999632000016,6.49999974000001,0.9807142857142858,0.9350000025999999,0.9199999632000017,0.69,0.3027359435083456,0.5025108820264799,0.8685714294380952,0.8685714294380952,"Llama 2 7B -> Tulu All merged with Safety X, linear_weighted"
data_weighted_linear-llama_2_7b-tulu_all-safety_10,llama_2_7b,tulu_all,0.98,safety_10,0.02,linear_weighted,0.4324074074074074,0.3768518518518518,0.20853658536585368,0.37648396117964944,0.34,0.07,0.4913829938755163,0.5040592508189716,0.5232857142857142,0.48592411260709917,0.4700634390410821,0.12962911662431278,0.736612702366127,54.25,98.79999604800017,26.49999894000004,0.47671428571428576,0.7350000105999996,0.9879999604800017,0.4575,0.2988560092466603,0.5120374106558223,0.5564047654380951,0.5564047654380951,"Llama 2 7B -> Tulu All merged with Safety X, linear_weighted"
data_weighted_linear-llama_2_7b-tulu_all-safety_20,llama_2_7b,tulu_all,0.96,safety_20,0.04,linear_weighted,0.44629629629629625,0.40648148148148144,0.20884146341463414,0.35996368842967047,0.34,0.075,0.4927360774818402,0.5071927075915111,0.4427142857142857,0.4908200734394125,0.4648367436891788,0.1254380908450546,0.7229140722291407,47.5,97.59999609600017,24.499999020000036,0.5572857142857143,0.7550000097999996,0.9759999609600016,0.525,0.3050244084873654,0.5100932628994858,0.6124285746952379,0.6124285746952379,"Llama 2 7B -> Tulu All merged with Safety X, linear_weighted"
data_weighted_task_arithmetic-llama_2_7b-tulu_all-safety_10,llama_2_7b,tulu_all,1.0,safety_10,0.02,task_arithmetic,0.4638888888888889,0.4055555555555556,0.2073170731707317,0.35324929544517253,0.36,0.075,0.48924654607605755,0.5002848597065945,0.5382857142857143,0.49938800489596086,0.48952833403930723,0.13311320805144947,0.7204234122042341,54.5,99.19999603200017,26.999998920000046,0.46171428571428574,0.7300000107999995,0.9919999603200017,0.45499999999999996,0.30359259269848765,0.5210430042379126,0.5489047655047617,0.5489047655047617,"Llama 2 7B -> Tulu All merged with Safety X, task_arithmetic"
data_weighted_task_arithmetic-llama_2_7b-tulu_all-safety_20,llama_2_7b,tulu_all,1.0,safety_20,0.04,task_arithmetic,0.4592592592592592,0.41111111111111104,0.20426829268292682,0.36701494627851944,0.355,0.085,0.4898874804158952,0.498860561173622,0.499,0.49938800489596086,0.4886144728163114,0.13599648634377584,0.7372353673723536,52.75,98.39999606400018,27.49999890000004,0.501,0.7250000109999997,0.9839999606400017,0.47250000000000003,0.3056828354141763,0.5204520177579924,0.5661666703333332,0.5661666703333332,"Llama 2 7B -> Tulu All merged with Safety X, task_arithmetic"
data_weighted_task_arithmetic-llama_2_7b-tulu_all-safety_60,llama_2_7b,tulu_all,1.0,safety_60,0.13,task_arithmetic,0.4527777777777777,0.399074074074074,0.21463414634146338,0.3912109656559555,0.315,0.085,0.4863979490101125,0.5004985044865404,0.13142857142857142,0.554467564259486,0.4738071223579,0.12688011983728947,0.7157960199004976,38.0,95.99999616000015,11.499999540000017,0.8685714285714285,0.8850000045999998,0.9599999616000016,0.62,0.3044308915376513,0.5190944772373192,0.7911904777238093,0.7911904777238093,"Llama 2 7B -> Tulu All merged with Safety X, task_arithmetic"
data_weighted_task_arithmetic-llama_2_7b-tulu_all-safety_100,llama_2_7b,tulu_all,1.0,safety_100,0.22,task_arithmetic,0.4388888888888889,0.39722222222222214,0.21890243902439027,0.380277725559195,0.285,0.075,0.48127047429141145,0.4980059820538385,0.008857142857142857,0.5862913096695227,0.46538412263214546,0.1251825045283628,0.6967621419676214,26.0,89.99999640000014,6.4999997400000105,0.9911428571428571,0.9350000025999999,0.8999999640000014,0.74,0.30205318831377537,0.5053017835773093,0.8887142865809524,0.8887142865809524,"Llama 2 7B -> Tulu All merged with Safety X, task_arithmetic"
