model_key,base_model,tulu_model,tulu_model_weight,science_model,science_model_weight,merge_method,bbh_cot,bbh_direct,codex_eval_temp_0.1,codex_eval_temp_0.8,gsm_cot,gsm_direct,mmlu_0shot,mmlu_5shot,toxigen,truthfulqa,tydiqa_goldp_1shot,tydiqa_no_context_1shot,alpaca_eval,codex_eval_plus_temp_0.1,codex_eval_plus_temp_0.8,mbpp_temp_0.1,mbpp_temp_0.8,invert_toxigen,Tulu Average (Other Evals),Tulu Average (Tulu Subset),Tulu Average (w/o Toxigen),Coding Average,Combo
llama_2_7b-tulu_all-coding_none,llama_2_7b,tulu_all,1.0,coding_none,1.0,N/A,0.4472222222222222,0.4027777777777778,0.1850609756097561,0.33264740337816684,0.305,0.08,0.49729383278735223,0.49935906566016236,0.059,0.48592411260709917,0.44773113156971356,0.11829721862853315,0.7285180572851806,0.13048780487804879,0.3047876196898322,0.26654676258992804,0.4407761175501782,0.9410000000000001,0.3199586255453271,0.5206952165310645,0.4366342598372774,0.2856495761769968,Llama 2 7B -> Tulu All & Coding None
llama_2_7b-tulu_all-coding_100,llama_2_7b,tulu_all,1.0,coding_100,1.0,N/A,0.4083333333333333,0.3907407407407406,0.44237804878048786,0.6820045845568764,0.33,0.055,0.493733086454921,0.5019228030195129,0.07485714285714286,0.5214198286413708,0.467184875002159,0.12520233635273426,0.7428571428571429,0.32347560975609757,0.5578250800396463,0.3679856115107914,0.5737006467484005,0.9251428571428572,0.3149577366265001,0.5243023300957735,0.4441342246863568,0.4557467370137339,Llama 2 7B -> Tulu All & Coding 100%
llama_2_7b-tulu_v2_mix-coding_none,llama_2_7b,tulu_v2_mix,1.0,coding_none,1.0,N/A,0.4259259259259258,0.3916666666666667,0.20914634146341463,0.3808211911927082,0.315,0.06,0.48924654607605755,0.4962968238142715,0.3322857142857143,0.5189718482252142,0.4592836584549949,0.12437369056083021,0.7300498753117207,0.1496951219512195,0.305516927005638,0.2890287769784172,0.48774259295285205,0.6677142857142857,0.313726800971208,0.4793570440660797,0.4416855957364385,0.3079958547220317,Llama 2 7B -> Full Tulu Mix & Coding None
llama_2_7b-tulu_none-coding_50,llama_2_7b,tulu_none,0.0,coding_50,1.0,N/A,0.38333333333333325,0.32870370370370366,0.3975609756097561,0.6077396608526262,0.18,0.04,0.41575274177467597,0.33008118501637945,0.6201428571428571,0.4589963280293758,0.31918352853001336,0.10494844620726272,0.6390274314214464,0.28262195121951217,0.5388441459243015,0.3955035971223021,0.5654298120749109,0.3798571428571429,0.22676290398874505,0.35618717908742353,0.35145318633347966,0.4455998765852567,Llama 2 7B -> Tulu None & Coding 50%
llama_2_7b-tulu_all-coding_50,llama_2_7b,tulu_all,1.0,coding_50,1.0,N/A,0.45092592592592595,0.3981481481481482,0.3777439024390244,0.5880140068720828,0.31,0.075,0.4955134596211366,0.5054123344252955,0.06842857142857142,0.5532435740514076,0.4776969241582101,0.10844119410602553,0.726932668329177,0.27408536585365856,0.4839831598590944,0.3667266187050359,0.5818470318464749,0.9315714285714286,0.318482802220953,0.5364918853880182,0.45747597675133606,0.4266605440660659,Llama 2 7B -> Tulu All & Coding 50%
llama_2_7b-tulu_none-coding_100,llama_2_7b,tulu_none,0.0,coding_100,1.0,N/A,0.37870370370370376,0.31111111111111106,0.42591463414634145,0.7245830228821243,0.18,0.04,0.4213787209799174,0.36497649907420593,0.7942857142857143,0.46878824969400246,0.2684314136833439,0.10797642487273983,0.5965130759651308,0.36402439024390243,0.5604508240004351,0.4012589928057554,0.6196708051731773,0.20571428571428574,0.23780810682645254,0.3205027289625422,0.3434604176121935,0.4863512530558175,Llama 2 7B -> Tulu None & Coding 100%
task_arithmetic-llama_2_7b-tulu_all_1.0-coding_100_0.1,llama_2_7b,tulu_all,1.0,coding_100,0.1,task_arithmetic,0.4666666666666667,0.39166666666666655,0.2310975609756098,0.36343900379617355,0.27,0.085,0.4935906566016237,0.5047001851588093,0.12114285714285715,0.5091799265605875,0.4432621149118039,0.11780445513467278,0.7614906832298136,0.16128048780487805,0.280778102061044,0.302158273381295,0.4827203945129419,0.8788571428571429,0.32077429842379157,0.5102594179329708,0.43653987294813634,0.30673431444003973,"Llama 2 7B -> Tulu All merged with Coding 100%, task_arithmetic"
task_arithmetic-llama_2_7b-tulu_all_1.0-coding_100_0.4,llama_2_7b,tulu_all,1.0,coding_100,0.4,task_arithmetic,0.4351851851851852,0.3990740740740741,0.32499999999999996,0.5124618877686536,0.31,0.055,0.4869676684233015,0.4919527132887053,0.25057142857142856,0.5458996328029376,0.40555334085786704,0.10275604205270877,0.7922885572139303,0.21036585365853658,0.4029936781484769,0.30845323741007197,0.49908675973335087,0.7494285714285714,0.3081471085408387,0.4888390664496438,0.43672116545385825,0.35522488223760906,"Llama 2 7B -> Tulu All merged with Coding 100%, task_arithmetic"
task_arithmetic-llama_2_7b-tulu_all_1.0-coding_50_0.1,llama_2_7b,tulu_all,1.0,coding_50,0.1,task_arithmetic,0.47222222222222215,0.38796296296296295,0.2106707317073171,0.3747678876662113,0.28,0.08,0.493733086454921,0.501709158239567,0.09785714285714285,0.5018359853121175,0.4489860595982491,0.11846904602505891,0.7599502487562187,0.15396341463414634,0.2933552044119891,0.2946043165467626,0.478579584101668,0.9021428571428571,0.3179700650934312,0.5164867017883944,0.4393554707175019,0.3051256299236415,"Llama 2 7B -> Tulu All merged with Coding 50%, task_arithmetic"
task_arithmetic-llama_2_7b-tulu_all_1.0-coding_100_0.51,llama_2_7b,tulu_all,1.0,coding_100_,0.51,task_arithmetic,0.4314814814814814,0.38888888888888884,0.32195121951219513,0.5377859275437241,0.26,0.055,0.4841190713573565,0.4846887907705455,0.26885714285714285,0.5703794369645043,0.37913081640417545,0.10003789273245398,0.7754975124378108,0.23871951219512194,0.41168840221169756,0.3059352517985611,0.5263578437732612,0.7311428571428571,0.30266087263248675,0.47604227722506254,0.4250221612415036,0.3706752524946605,"Llama 2 7B -> Tulu All merged with Coding 100%, task_arithmetic"
task_arithmetic-llama_2_7b-tulu_all_1.0-coding_100_0.5,llama_2_7b,tulu_all,1.0,coding_100,0.5,task_arithmetic,0.42962962962962953,0.3907407407407408,0.3207317073170731,0.5620250162508337,0.295,0.06,0.48454636091724823,0.4879646773963823,0.2684285714285714,0.576499388004896,0.3820455746155084,0.10019676123766995,0.7849127182044888,0.23323170731707318,0.4010140731427449,0.30845323741007197,0.5197943552538514,0.7315714285714285,0.3053733713542351,0.4832153969564518,0.4335441906334564,0.3656233432809354,"Llama 2 7B -> Tulu All merged with Coding 100%, task_arithmetic"
task_arithmetic-llama_2_7b-tulu_all_1.0-coding_100_0.3,llama_2_7b,tulu_all,1.0,coding_100,0.3,task_arithmetic,0.4842592592592592,0.3990740740740741,0.3182926829268293,0.47233797219166856,0.295,0.07,0.4902435550491383,0.4952285999145421,0.20842857142857144,0.5299877600979193,0.42094826963109994,0.10894839671991619,0.7808219178082192,0.2003048780487805,0.3502717031137706,0.3170863309352518,0.5142368016864086,0.7915714285714286,0.31369593412461494,0.5020017121014742,0.4440877688074833,0.3454749284460529,"Llama 2 7B -> Tulu All merged with Coding 100%, task_arithmetic"
task_arithmetic-llama_2_7b-tulu_all_1.0-coding_100_0.2,llama_2_7b,tulu_all,1.0,coding_100,0.2,task_arithmetic,0.4425925925925926,0.3981481481481481,0.2792682926829268,0.4293697976870219,0.305,0.09,0.4917390685087594,0.4977923372738926,0.1647142857142857,0.5214198286413708,0.43907722128713866,0.11244695196370878,0.7671232876712328,0.18750000000000003,0.314430199039049,0.3160071942446043,0.48909975918462006,0.8352857142857143,0.31923595493192847,0.5058524042192627,0.43996574220597234,0.32675928811706834,"Llama 2 7B -> Tulu All merged with Coding 100%, task_arithmetic"
task_arithmetic-llama_2_7b-tulu_all_1.0-coding_100_0.7,llama_2_7b,tulu_all,1.0,coding_100,0.7,task_arithmetic,0.44259259259259265,0.38796296296296295,0.338109756097561,0.5810968415032827,0.275,0.04,0.4746474861130893,0.4646061814556331,0.27514285714285713,0.583843329253366,0.3212659937014168,0.08635128937875347,0.7829601990049752,0.2545731707317073,0.44519696776077505,0.3106115107913669,0.5385468152356809,0.7248571428571429,0.28870532305059654,0.47036775741960124,0.419469880332093,0.38723211612988256,"Llama 2 7B -> Tulu All merged with Coding 100%, task_arithmetic"
task_arithmetic-llama_2_7b-tulu_all_1.0-coding_100_0.6,llama_2_7b,tulu_all,1.0,coding_100,0.6,task_arithmetic,0.4277777777777778,0.3833333333333333,0.34115853658536577,0.5704270338888628,0.245,0.04,0.4793476712718986,0.47557328015952144,0.2735714285714286,0.576499388004896,0.3492039869764561,0.095305881520937,0.773972602739726,0.25182926829268293,0.4356468967112326,0.3016187050359712,0.5227504999399557,0.7264285714285714,0.29395715503466263,0.4673762325766,0.4155657648062057,0.3779613424949606,"Llama 2 7B -> Tulu All merged with Coding 100%, task_arithmetic"
task_arithmetic-llama_2_7b-tulu_all_1.0-coding_100_0.9,llama_2_7b,tulu_all,1.0,coding_100,0.9,task_arithmetic,0.33888888888888896,0.3740740740740741,0.3356707317073171,0.573813603333916,0.285,0.065,0.4621136590229312,0.44865403788634095,0.21928571428571428,0.6034271725826194,0.2732154720018338,0.07269934253687355,0.7577639751552795,0.24786585365853658,0.44059013364495503,0.27589928057553953,0.5168302475082438,0.7807142857142857,0.2818162984767259,0.45722657970175984,0.3925290384992547,0.37029637884681876,"Llama 2 7B -> Tulu All merged with Coding 100%, task_arithmetic"
task_arithmetic-llama_2_7b-tulu_all_1.0-coding_50_0.26,llama_2_7b,tulu_all,1.0,coding_50_,0.26,task_arithmetic,0.45,0.399074074074074,0.26890243902439026,0.417425434944124,0.305,0.065,0.4919527132887053,0.4972226178607036,0.15771428571428572,0.543451652386781,0.43138311396144824,0.10745529600312899,0.7724438902743143,0.17560975609756097,0.31009620335113053,0.3260791366906475,0.48262318288433614,0.8422857142857143,0.31319492115972203,0.5106788656537748,0.44435749592738694,0.32360206975591876,"Llama 2 7B -> Tulu All merged with Coding 50%, task_arithmetic"
task_arithmetic-llama_2_7b-tulu_all_1.0-coding_50_0.5,llama_2_7b,tulu_all,1.0,coding_50,0.5,task_arithmetic,0.462037037037037,0.3953703703703703,0.3173780487804878,0.5059802671842994,0.315,0.05,0.4859706594502208,0.48483122062384276,0.22514285714285714,0.5777233782129743,0.4029594555575966,0.0973623854897253,0.798507462686567,0.19359756097560976,0.3605256359211279,0.3237410071942446,0.49302260761266936,0.7748571428571429,0.30247903942155624,0.5030912788524953,0.4487381060515657,0.3427217029259129,"Llama 2 7B -> Tulu All merged with Coding 50%, task_arithmetic"
linear_weighted-llama_2_7b-tulu_all_0.8-coding_100_0.2,llama_2_7b,tulu_all,0.8,coding_100,0.2,linear_weighted,0.4444444444444443,0.4027777777777778,0.25121951219512195,0.4525542983785074,0.315,0.09,0.4933057968950292,0.5017803731662156,0.3342857142857143,0.5165238678090576,0.45640383968662,0.11790118683565193,0.7331670822942642,0.19207317073170732,0.3819488485538474,0.31115107913669066,0.4922857422996631,0.6657142857142857,0.3228479421891722,0.4818987057582394,0.4451355897670302,0.34436471018047715,"Llama 2 7B -> Tulu All merged with Coding 100%, linear_weighted"
task_arithmetic-llama_2_7b-tulu_all_1.0-coding_100_0.8,llama_2_7b,tulu_all,1.0,coding_100,0.8,task_arithmetic,0.39166666666666683,0.3842592592592593,0.34237804878048783,0.6131555382999543,0.265,0.055,0.47137159948725255,0.4551345962113659,0.252,0.5936352509179926,0.29220149026252457,0.07947193208989144,0.7528019925280199,0.24939024390243902,0.46399179616728514,0.29658273381294964,0.5148484386406741,0.748,0.2858000767543765,0.46031250122240613,0.40277500146688733,0.38120330313083695,"Llama 2 7B -> Tulu All merged with Coding 100%, task_arithmetic"
task_arithmetic-llama_2_7b-tulu_all_1.0-coding_50_0.2,llama_2_7b,tulu_all,1.0,coding_50,0.2,task_arithmetic,0.4509259259259259,0.39722222222222237,0.24786585365853653,0.41769734927912844,0.29,0.08,0.4910981341689218,0.5029910269192422,0.13285714285714287,0.5250917992656059,0.440062663277923,0.10943834167778206,0.770625,0.16371951219512196,0.31173580817732444,0.31816546762589926,0.48359420887373755,0.8671428571428571,0.3185285235476978,0.5107202299635389,0.43943570452767533,0.3193037492180208,"Llama 2 7B -> Tulu All merged with Coding 50%, task_arithmetic"
task_arithmetic-llama_2_7b-tulu_all_1.0-coding_50_0.7,llama_2_7b,tulu_all,1.0,coding_50,0.7,task_arithmetic,0.42222222222222217,0.3972222222222222,0.31402439024390244,0.5216197803932834,0.29,0.045,0.4780658025922233,0.47201253382709013,0.2547142857142857,0.5862913096695227,0.35967498696443323,0.09245660760143799,0.7848258706467661,0.22408536585365854,0.36772646480605403,0.3023381294964029,0.4963891321721467,0.7452857142857143,0.2957407794955681,0.48025667262235255,0.4272508642896803,0.34763477308206553,"Llama 2 7B -> Tulu All merged with Coding 50%, task_arithmetic"
task_arithmetic-llama_2_7b-tulu_all_1.0-coding_50_0.6,llama_2_7b,tulu_all,1.0,coding_50,0.6,task_arithmetic,0.4444444444444446,0.38611111111111107,0.3173780487804878,0.5110212929485376,0.305,0.05,0.4802734653183307,0.47835066229881784,0.25442857142857145,0.5789473684210527,0.38018713095703144,0.09716820003113445,0.7968944099378882,0.20701219512195124,0.375473663616456,0.3224820143884892,0.5061310301387589,0.7455714285714286,0.29799612714797624,0.4890706396187147,0.4377704818281719,0.35277472581641384,"Llama 2 7B -> Tulu All merged with Coding 50%, task_arithmetic"
task_arithmetic-llama_2_7b-tulu_all_1.0-coding_50_0.3,llama_2_7b,tulu_all,1.0,coding_50,0.3,task_arithmetic,0.4472222222222222,0.39351851851851855,0.2798780487804878,0.4448347563483862,0.295,0.06,0.49031476997578693,0.49700897308075775,0.1747142857142857,0.5483476132190942,0.43094411235707547,0.10520616518709486,0.7817164179104478,0.18719512195121948,0.30911316652840476,0.3214028776978417,0.47896679517110724,0.8252857142857143,0.3105485259734258,0.5061857386766488,0.44236574355483577,0.3241694903371433,"Llama 2 7B -> Tulu All merged with Coding 50%, task_arithmetic"
linear_weighted-llama_2_7b-tulu_all_0.6-coding_100_0.4,llama_2_7b,tulu_all,0.6,coding_100,0.4,linear_weighted,0.44907407407407407,0.38518518518518524,0.30335365853658536,0.5350913716654108,0.31,0.07,0.4871813132032474,0.4909557043156246,0.5721428571428572,0.5336597307221542,0.42936365105517593,0.11860735406479053,0.7425187032418953,0.22286585365853662,0.46975358138802975,0.3422661870503597,0.5367455088733794,0.4278571428571428,0.31114078957624497,0.43952265198529905,0.4418557538109303,0.3929077827425763,"Llama 2 7B -> Tulu All merged with Coding 100%, linear_weighted"
linear_weighted-llama_2_7b-tulu_all_0.66-coding_100_0.34,llama_2_7b,tulu_all_,0.66,coding_100_,0.34,linear_weighted,0.4388888888888889,0.3916666666666667,0.286890243902439,0.5305135804692175,0.325,0.075,0.48903290129611166,0.49700897308075775,0.5221428571428571,0.5312117503059975,0.4351007721308514,0.11908825285417539,0.7394014962593516,0.2216463414634146,0.4368548181411581,0.32625899280575543,0.5323596932279027,0.47785714285714287,0.3159545731364715,0.44951524257983205,0.4438468625243699,0.37927996140955766,"Llama 2 7B -> Tulu All merged with Coding 100%, linear_weighted"
task_arithmetic-llama_2_7b-tulu_all_1.0-coding_50_0.8,llama_2_7b,tulu_all,1.0,coding_50,0.8,task_arithmetic,0.412962962962963,0.37962962962962954,0.3073170731707317,0.5559428018179811,0.24,0.055,0.4686654322746048,0.46724113374163223,0.2581428571428571,0.6034271725826194,0.33829191659696434,0.08858490984524163,0.7808219178082192,0.21707317073170732,0.38805584847833585,0.3057553956834532,0.4983732968592759,0.7418571428571429,0.29153936139162717,0.46753410454571576,0.4126694968834303,0.35231442793819306,"Llama 2 7B -> Tulu All merged with Coding 50%, task_arithmetic"
task_arithmetic-llama_2_7b-tulu_all_1.0-coding_50_0.4,llama_2_7b,tulu_all,1.0,coding_50,0.4,task_arithmetic,0.4305555555555556,0.39351851851851855,0.30579268292682926,0.46503727526720806,0.265,0.06,0.4893177610027062,0.49181028343540806,0.19714285714285715,0.5642594859241126,0.419293704337967,0.10691490834651297,0.7814445828144458,0.19237804878048778,0.3708018129646537,0.3241007194244604,0.4907443159330813,0.8028571428571428,0.30881079874716955,0.49521394161291404,0.4336853013640683,0.3445062242756708,"Llama 2 7B -> Tulu All merged with Coding 50%, task_arithmetic"
linear_weighted-llama_2_7b-tulu_all_0.9-coding_100_0.1,llama_2_7b,tulu_all,0.9,coding_100,0.1,linear_weighted,0.4666666666666665,0.39629629629629626,0.22652439024390242,0.3743955442352709,0.32,0.09,0.49679532830081186,0.5016379433129183,0.15385714285714286,0.5018359853121175,0.4525104447540299,0.12150037322555814,0.7415940224159402,0.15457317073170732,0.32186515346014705,0.29172661870503597,0.4687358602152463,0.8461428571428571,0.3222145112295382,0.5139918803627471,0.44756168500672516,0.30922520077803417,"Llama 2 7B -> Tulu All merged with Coding 100%, linear_weighted"
task_arithmetic-llama_2_7b-tulu_all_1.0-coding_50_0.9,llama_2_7b,tulu_all,1.0,coding_50,0.9,task_arithmetic,0.3768518518518519,0.4055555555555555,0.2884146341463415,0.540230780319884,0.26,0.065,0.4662441247685515,0.4519299245121777,0.2432857142857143,0.6144430844553244,0.3155883230790121,0.08369127798522318,0.789179104477612,0.22103658536585366,0.38853208635357694,0.31330935251798564,0.48871591635306355,0.7567142857142857,0.2916213365130268,0.4649736116448375,0.4066254768309479,0.35289848514761996,"Llama 2 7B -> Tulu All merged with Coding 50%, task_arithmetic"
linear_weighted-llama_2_7b-tulu_all_0.7-coding_100_0.3,llama_2_7b,tulu_all,0.7,coding_100,0.3,linear_weighted,0.44166666666666665,0.3768518518518519,0.2774390243902439,0.4882676175670588,0.325,0.08,0.4909557043156246,0.4983620566870816,0.486,0.5177478580171359,0.44273896212979297,0.11749166784387462,0.7394014962593516,0.21067073170731707,0.4197532909588335,0.3151079136690647,0.5103610112408028,0.514,0.31421352661397794,0.45535153185487004,0.443621838225844,0.3639732368940045,"Llama 2 7B -> Tulu All merged with Coding 100%, linear_weighted"
linear_weighted-llama_2_7b-tulu_all_0.2-coding_100_0.8,llama_2_7b,tulu_all,0.2,coding_100,0.8,linear_weighted,0.425925925925926,0.3777777777777778,0.4036585365853659,0.6741213130673601,0.235,0.055,0.45556188577125767,0.4318473151972653,0.739,0.4944920440636475,0.3372036167643862,0.11473386441159115,0.6784825870646766,0.3515243902439024,0.5434749404488134,0.38758992805755393,0.5912344276433191,0.261,0.28224125451677995,0.36819724542086957,0.38963669450504346,0.4684559215983972,"Llama 2 7B -> Tulu All merged with Coding 100%, linear_weighted"
linear_weighted-llama_2_7b-tulu_all_0.8-coding_50_0.2,llama_2_7b,tulu_all,0.8,coding_50,0.2,linear_weighted,0.4666666666666665,0.38703703703703707,0.23567073170731706,0.42277263248719865,0.335,0.08,0.4963680387409201,0.5019228030195129,0.29128571428571426,0.5214198286413708,0.4526051494435244,0.11333525237580339,0.7674129353233831,0.17195121951219514,0.37418240880919273,0.3089928057553957,0.4954349084329929,0.7087142857142857,0.31684357909037325,0.49679566153446125,0.45441193669849633,0.33764033562744417,"Llama 2 7B -> Tulu All merged with Coding 50%, linear_weighted"
linear_weighted-llama_2_7b-tulu_all_0.5-coding_100_0.5,llama_2_7b,tulu_all,0.5,coding_100,0.5,linear_weighted,0.39722222222222225,0.3592592592592592,0.3314024390243902,0.6033850050877915,0.28,0.065,0.4841190713573565,0.48703888334995016,0.6108571428571429,0.5104039167686658,0.40882021775344685,0.12051867804575245,0.7222914072229141,0.2634146341463414,0.49288808205311263,0.3526978417266187,0.5494239067167103,0.3891428571428571,0.3037711408009824,0.41161804754075804,0.4161130856203382,0.41460611616069576,"Llama 2 7B -> Tulu All merged with Coding 100%, linear_weighted"
linear_weighted-llama_2_7b-tulu_all_0.3-coding_100_0.7,llama_2_7b,tulu_all,0.3,coding_100,0.7,linear_weighted,0.4074074074074074,0.3712962962962964,0.3899390243902439,0.6476013980733455,0.25,0.055,0.4692351516877938,0.4570573992308788,0.6915714285714286,0.5165238678090576,0.36146903848832507,0.11992475730775208,0.6913965087281795,0.32439024390243903,0.5259973074573241,0.37823741007194245,0.5726444023936061,0.3084285714285714,0.2920671704131612,0.3855106728035258,0.4009270930785167,0.45031734095632797,"Llama 2 7B -> Tulu All merged with Coding 100%, linear_weighted"
linear_weighted-llama_2_7b-tulu_all_0.1-coding_100_0.9,llama_2_7b,tulu_all,0.1,coding_100,0.9,linear_weighted,0.4046296296296297,0.32685185185185184,0.42652439024390243,0.7135851952925124,0.185,0.055,0.4406779661016949,0.3932488249537103,0.7842857142857143,0.4675642594859241,0.31569151274837387,0.1162727501283749,0.6357409713574097,0.3567073170731707,0.5636800996330559,0.3944244604316547,0.593570894437322,0.21571428571428575,0.2569244503775295,0.3382129422799847,0.36271267359312453,0.4770956928938008,"Llama 2 7B -> Tulu All merged with Coding 100%, linear_weighted"
linear_weighted-llama_2_7b-tulu_all_0.9-coding_50_0.1,llama_2_7b,tulu_all,0.9,coding_50,0.1,linear_weighted,0.45092592592592595,0.3944444444444444,0.20762195121951219,0.37907359951081165,0.325,0.085,0.49750747756729813,0.5029910269192422,0.13857142857142857,0.5055079559363526,0.4498482722878567,0.12229516736827784,0.7453300124533001,0.1378048780487805,0.31430029798035536,0.2915467625899281,0.4664929252986361,0.8614285714285714,0.32154433313024133,0.5150363671910009,0.44575792634348665,0.30253621597942504,"Llama 2 7B -> Tulu All merged with Coding 50%, linear_weighted"
linear_weighted-llama_2_7b-tulu_all_0.4-coding_100_0.6,llama_2_7b,tulu_all,0.4,coding_100,0.6,linear_weighted,0.43518518518518523,0.39074074074074083,0.37774390243902434,0.639439941618451,0.255,0.06,0.47927645634524996,0.47763851303233157,0.6077142857142858,0.49938800489596086,0.38587614387540925,0.11748561210663834,0.7245024875621892,0.31585365853658537,0.5450345782360808,0.36223021582733816,0.5750847783528141,0.39228571428571424,0.30470067578240845,0.4078352507645866,0.410945158060361,0.44955080773820466,"Llama 2 7B -> Tulu All merged with Coding 100%, linear_weighted"
linear_weighted-llama_2_7b-tulu_all_0.7-coding_50_0.3,llama_2_7b,tulu_all,0.7,coding_50,0.3,linear_weighted,0.4092592592592592,0.40092592592592585,0.2725609756097561,0.4646415984906131,0.3,0.065,0.49216635806865117,0.49957271044010826,0.4087142857142857,0.5214198286413708,0.44113890890394947,0.1144161200456237,0.7562344139650873,0.18353658536585363,0.37930194946637596,0.3285971223021583,0.5050419990059609,0.5912857142857143,0.3158974933703532,0.45921167819315745,0.4327968709746461,0.34911941403508717,"Llama 2 7B -> Tulu All merged with Coding 50%, linear_weighted"
linear_weighted-llama_2_7b-tulu_all_0.3-coding_50_0.7,llama_2_7b,tulu_all,0.3,coding_50,0.7,linear_weighted,0.4398148148148149,0.3416666666666667,0.3591463414634146,0.5892393540537844,0.245,0.05,0.46303945306936334,0.46161515453639085,0.4817142857142857,0.5165238678090576,0.3693904662575167,0.11901181531307835,0.7100997506234414,0.2329268292682927,0.48962402092357543,0.38057553956834533,0.558119158833015,0.5182857142857142,0.28678175821050533,0.42534238603941116,0.4067537203901505,0.4153113871483071,"Llama 2 7B -> Tulu All merged with Coding 50%, linear_weighted"
linear_weighted-llama_2_7b-tulu_all_0.4-coding_50_0.6,llama_2_7b,tulu_all,0.4,coding_50,0.6,linear_weighted,0.46018518518518525,0.3425925925925926,0.3259146341463414,0.5871827853110417,0.26,0.055,0.4790628115653041,0.48041589517162797,0.49057142857142855,0.5275397796817626,0.3877052974050985,0.11685333685854234,0.7319201995012469,0.2298780487804878,0.4704712055293495,0.3663669064748201,0.5503796296137655,0.5094285714285715,0.2950555439588782,0.43732027421098696,0.4228986147674701,0.4042739475996057,"Llama 2 7B -> Tulu All merged with Coding 50%, linear_weighted"
linear_weighted-llama_2_7b-tulu_all_0.6-coding_50_0.4,llama_2_7b,tulu_all,0.6,coding_50,0.4,linear_weighted,0.4509259259259259,0.36851851851851847,0.2981707317073171,0.515212648297108,0.295,0.06,0.49038598490243557,0.4952285999145421,0.49057142857142855,0.5201958384332925,0.4307540176637425,0.11764121232577592,0.7503113325031133,0.2173780487804878,0.38958307700756545,0.33363309352517984,0.534750149175946,0.5094285714285715,0.3073233861346757,0.4494483897256613,0.43745235338507926,0.36883609212229473,"Llama 2 7B -> Tulu All merged with Coding 50%, linear_weighted"
linear_weighted-llama_2_7b-tulu_all_0.2-coding_50_0.8,llama_2_7b,tulu_all,0.2,coding_50,0.8,linear_weighted,0.3990740740740742,0.36666666666666675,0.3795731707317073,0.5923774415194409,0.23,0.05,0.45079048568579977,0.42102264634667425,0.5468571428571428,0.4969400244798042,0.35550511979957505,0.11102122289147173,0.6916354556803995,0.26371951219512196,0.4916464312324389,0.398021582733813,0.5626253354414479,0.4531428571428572,0.2739466364502974,0.3975754268636851,0.3864619408078506,0.4290032154007054,"Llama 2 7B -> Tulu All merged with Coding 50%, linear_weighted"
linear_weighted-llama_2_7b-tulu_all_0.1-coding_50_0.9,llama_2_7b,tulu_all,0.1,coding_50,0.9,linear_weighted,0.4009259259259259,0.350925925925926,0.3957317073170732,0.6585306117653397,0.19,0.05,0.43305796895029197,0.36775388121350233,0.5812857142857143,0.4834761321909425,0.3407024774600286,0.10913758204086565,0.6529850746268657,0.2676829268292683,0.5269684960889749,0.39946043165467626,0.5871047343640167,0.4187142857142857,0.24911425407875928,0.3778127983735791,0.3696325009054378,0.44530414723423406,"Llama 2 7B -> Tulu All merged with Coding 50%, linear_weighted"
linear_weighted-llama_2_7b-tulu_all_0.5-coding_50_0.5,llama_2_7b,tulu_all,0.5,coding_50,0.5,linear_weighted,0.40833333333333327,0.3861111111111112,0.3121951219512195,0.5348874111616693,0.29,0.065,0.48347813701751885,0.4905284147557328,0.49785714285714283,0.5287637698898409,0.41729475200003696,0.11218570475703737,0.7356965174129353,0.23749999999999996,0.44029610708705325,0.3544964028776979,0.5404825201303808,0.5021428571428572,0.30887072907592283,0.43833547489726454,0.42557399844814603,0.39319375752378294,"Llama 2 7B -> Tulu All merged with Coding 50%, linear_weighted"
tulu_2_code_none-tulu_none-coding_50,tulu_2_code_none,tulu_none,0.0,coding_50,1.0,N/A,0.4203703703703703,0.37500000000000006,0.4051829268292683,0.6330724795102203,0.275,0.06,0.47984617575843896,0.4882495371029768,0.7184285714285714,0.4700122399020808,0.43053025795399075,0.1108957698983023,0.6988778054862843,0.28841463414634144,0.4886122052077651,0.39946043165467626,0.5827928252561302,0.2815714285714286,0.30447896882085124,0.39288841209271824,0.41515180879697616,0.4398200240662282,Tulu 2 7B w/o Code Alpaca -> Tulu None & Coding 50%
linear_weighted-llama_2_7b-tulu_all_1.0-coding_100_0.0,llama_2_7b,tulu_all,1.0,coding_100,0.0,linear_weighted,0.4472222222222222,0.4027777777777778,0.1850609756097561,0.33264740337816684,0.305,0.08,0.49729383278735223,0.49935906566016236,0.059,0.48592411260709917,0.44773113156971356,0.11829721862853315,0.7285180572851806,0.13048780487804879,0.3047876196898322,0.26654676258992804,0.4407761175501782,0.9410000000000001,0.3199586255453271,0.5206952165310645,0.4366342598372774,0.2856495761769968,"Llama 2 7B -> Tulu All merged with Coding 100%, linear_weighted"
linear_weighted-llama_2_7b-tulu_all_1.0-coding_50_0.0,llama_2_7b,tulu_all,1.0,coding_50,0.0,linear_weighted,0.4472222222222222,0.4027777777777778,0.1850609756097561,0.33264740337816684,0.305,0.08,0.49729383278735223,0.49935906566016236,0.059,0.48592411260709917,0.44773113156971356,0.11829721862853315,0.7285180572851806,0.13048780487804879,0.3047876196898322,0.26654676258992804,0.4407761175501782,0.9410000000000001,0.3199586255453271,0.5206952165310645,0.4366342598372774,0.2856495761769968,"Llama 2 7B -> Tulu All merged with Coding 50%, linear_weighted"
task_arithmetic-llama_2_7b-tulu_all_1.0-coding_100_0.0,llama_2_7b,tulu_all,1.0,coding_100,0.0,task_arithmetic,0.4472222222222222,0.4027777777777778,0.1850609756097561,0.33264740337816684,0.305,0.08,0.49729383278735223,0.49935906566016236,0.059,0.48592411260709917,0.44773113156971356,0.11829721862853315,0.7285180572851806,0.13048780487804879,0.3047876196898322,0.26654676258992804,0.4407761175501782,0.9410000000000001,0.3199586255453271,0.5206952165310645,0.4366342598372774,0.2856495761769968,"Llama 2 7B -> Tulu All merged with Coding 100%, task_arithmetic"
task_arithmetic-llama_2_7b-tulu_all_1.0-coding_50_0.0,llama_2_7b,tulu_all,1.0,coding_50,0.0,task_arithmetic,0.4472222222222222,0.4027777777777778,0.1850609756097561,0.33264740337816684,0.305,0.08,0.49729383278735223,0.49935906566016236,0.059,0.48592411260709917,0.44773113156971356,0.11829721862853315,0.7285180572851806,0.13048780487804879,0.3047876196898322,0.26654676258992804,0.4407761175501782,0.9410000000000001,0.3199586255453271,0.5206952165310645,0.4366342598372774,0.2856495761769968,"Llama 2 7B -> Tulu All merged with Coding 50%, task_arithmetic"
